,Time Series Workbook,,,,,,,,,,,
,,,,,,,,,,,,
,,,,,,,,,,,,
,"6202.0 Labour Force, Australia",,,,,,,,,,,
,"Table 010. Labour force status by Sex, State and Territory - Trend, Seasonally adjusted and Original",,,,,,,,,,,
,,,,,,,,,,,,
,,,Enquiries,,,,,,,,,
,,,,,,,,,,,,
Data Item Description,,,Series Type,Series ID,Series Start,Series End,No. Obs.,Unit,Data Type,Freq.,Collection Month,
,,,,,,,,,,,,
Employed total ;  Persons ;  Australia ;,,,Trend,A84423127L,Feb-1978,Apr-2026,579,000,STOCK,Month,1,
Employed total ;  Persons ;  Australia ;,,,Seasonally Adjusted,A84423043C,Feb-1978,Apr-2026,579,000,STOCK,Month,1,
Employed total ;  Persons ;  Australia ;,,,Original,A84423085A,Feb-1978,Apr-2026,579,000,STOCK,Month,1,
Employed total ;  Persons ;  > New South Wales ;,,,Trend,A84423937R,Feb-1978,Apr-2026,579,000,STOCK,Month,1,
Employed total ;  Persons ;  > New South Wales ;,,,Seasonally Adjusted,A84423265K,Feb-1978,Apr-2026,579,000,STOCK,Month,1,
Employed total ;  Persons ;  > New South Wales ;,,,Original,A84423601K,Feb-1978,Apr-2026,579,000,STOCK,Month,1,
Employed total ;  Persons ;  > Victoria ;,,,Trend,A84424021J,Feb-1978,Apr-2026,579,000,STOCK,Month,1,
Employed total ;  Persons ;  > Victoria ;,,,Seasonally Adjusted,A84423349V,Feb-1978,Apr-2026,579,000,STOCK,Month,1,
Employed total ;  Persons ;  > Victoria ;,,,Original,A84423685F,Feb-1978,Apr-2026,579,000,STOCK,Month,1,
Employed total ;  Persons ;  > Queensland ;,,,Trend,A84423951K,Feb-1978,Apr-2026,579,000,STOCK,Month,1,
Employed total ;  Persons ;  > Queensland ;,,,Seasonally Adjusted,A84423279X,Feb-1978,Apr-2026,579,000,STOCK,Month,1,
Employed total ;  Persons ;  > Queensland ;,,,Original,A84423615X,Feb-1978,Apr-2026,579,000,STOCK,Month,1,
Employed total ;  Persons ;  > South Australia ;,,,Trend,A84424035W,Feb-1978,Apr-2026,579,000,STOCK,Month,1,
Employed total ;  Persons ;  > South Australia ;,,,Seasonally Adjusted,A84423363R,Feb-1978,Apr-2026,579,000,STOCK,Month,1,
Employed total ;  Persons ;  > South Australia ;,,,Original,A84423699V,Feb-1978,Apr-2026,579,000,STOCK,Month,1,
Employed total ;  Persons ;  > Western Australia ;,,,Trend,A84423993J,Feb-1978,Apr-2026,579,000,STOCK,Month,1,
Employed total ;  Persons ;  > Western Australia ;,,,Seasonally Adjusted,A84423321T,Feb-1978,Apr-2026,579,000,STOCK,Month,1,
Employed total ;  Persons ;  > Western Australia ;,,,Original,A84423657W,Feb-1978,Apr-2026,579,000,STOCK,Month,1,
Employed total ;  Persons ;  > Tasmania ;,,,Trend,A84423965X,Feb-1978,Apr-2026,579,000,STOCK,Month,1,
Employed total ;  Persons ;  > Tasmania ;,,,Seasonally Adjusted,A84423293V,Feb-1978,Apr-2026,579,000,STOCK,Month,1,
Employed total ;  Persons ;  > Tasmania ;,,,Original,A84423629L,Feb-1978,Apr-2026,579,000,STOCK,Month,1,
Employed total ;  Persons ;  > Northern Territory ;,,,Trend,A84424007L,Feb-1978,Apr-2026,579,000,STOCK,Month,1,
Employed total ;  Persons ;  > Northern Territory ;,,,Original,A84423671T,Feb-1978,Apr-2026,579,000,STOCK,Month,1,
Employed total ;  Persons ;  > Australian Capital Territory ;,,,Trend,A84423979L,Feb-1978,Apr-2026,579,000,STOCK,Month,1,
Employed total ;  Persons ;  > Australian Capital Territory ;,,,Original,A84423643J,Feb-1978,Apr-2026,579,000,STOCK,Month,1,
Employed total ;  > Males ;  Australia ;,,,Trend,A84423113X,Feb-1978,Apr-2026,579,000,STOCK,Month,1,
Employed total ;  > Males ;  Australia ;,,,Seasonally Adjusted,A84423029J,Feb-1978,Apr-2026,579,000,STOCK,Month,1,
Employed total ;  > Males ;  Australia ;,,,Original,A84423071L,Feb-1978,Apr-2026,579,000,STOCK,Month,1,
Employed total ;  > Males ;  > New South Wales ;,,,Trend,A84423825W,Feb-1978,Apr-2026,579,000,STOCK,Month,1,
Employed total ;  > Males ;  > New South Wales ;,,,Seasonally Adjusted,A84423153T,Feb-1978,Apr-2026,579,000,STOCK,Month,1,
Employed total ;  > Males ;  > New South Wales ;,,,Original,A84423489W,Feb-1978,Apr-2026,579,000,STOCK,Month,1,
Employed total ;  > Males ;  > Victoria ;,,,Trend,A84423909F,Feb-1978,Apr-2026,579,000,STOCK,Month,1,
Employed total ;  > Males ;  > Victoria ;,,,Seasonally Adjusted,A84423237A,Feb-1978,Apr-2026,579,000,STOCK,Month,1,
Employed total ;  > Males ;  > Victoria ;,,,Original,A84423573L,Feb-1978,Apr-2026,579,000,STOCK,Month,1,
Employed total ;  > Males ;  > Queensland ;,,,Trend,A84423839K,Feb-1978,Apr-2026,579,000,STOCK,Month,1,
Employed total ;  > Males ;  > Queensland ;,,,Seasonally Adjusted,A84423167F,Feb-1978,Apr-2026,579,000,STOCK,Month,1,
Employed total ;  > Males ;  > Queensland ;,,,Original,A84423503F,Feb-1978,Apr-2026,579,000,STOCK,Month,1,
Employed total ;  > Males ;  > South Australia ;,,,Trend,A84423923A,Feb-1978,Apr-2026,579,000,STOCK,Month,1,
Employed total ;  > Males ;  > South Australia ;,,,Seasonally Adjusted,A84423251W,Feb-1978,Apr-2026,579,000,STOCK,Month,1,
Employed total ;  > Males ;  > South Australia ;,,,Original,A84423587A,Feb-1978,Apr-2026,579,000,STOCK,Month,1,
Employed total ;  > Males ;  > Western Australia ;,,,Trend,A84423881R,Feb-1978,Apr-2026,579,000,STOCK,Month,1,
Employed total ;  > Males ;  > Western Australia ;,,,Seasonally Adjusted,A84423209T,Feb-1978,Apr-2026,579,000,STOCK,Month,1,
Employed total ;  > Males ;  > Western Australia ;,,,Original,A84423545C,Feb-1978,Apr-2026,579,000,STOCK,Month,1,
Employed total ;  > Males ;  > Tasmania ;,,,Trend,A84423853F,Feb-1978,Apr-2026,579,000,STOCK,Month,1,
Employed total ;  > Males ;  > Tasmania ;,,,Seasonally Adjusted,A84423181A,Feb-1978,Apr-2026,579,000,STOCK,Month,1,
Employed total ;  > Males ;  > Tasmania ;,,,Original,A84423517V,Feb-1978,Apr-2026,579,000,STOCK,Month,1,
Employed total ;  > Males ;  > Northern Territory ;,,,Trend,A84423895C,Feb-1978,Apr-2026,579,000,STOCK,Month,1,
Employed total ;  > Males ;  > Northern Territory ;,,,Original,A84423559T,Feb-1978,Apr-2026,579,000,STOCK,Month,1,
Employed total ;  > Males ;  > Australian Capital Territory ;,,,Trend,A84423867V,Feb-1978,Apr-2026,579,000,STOCK,Month,1,
Employed total ;  > Males ;  > Australian Capital Territory ;,,,Original,A84423531R,Feb-1978,Apr-2026,579,000,STOCK,Month,1,
Employed total ;  > Females ;  Australia ;,,,Trend,A84423141J,Feb-1978,Apr-2026,579,000,STOCK,Month,1,
Employed total ;  > Females ;  Australia ;,,,Seasonally Adjusted,A84423057T,Feb-1978,Apr-2026,579,000,STOCK,Month,1,
Employed total ;  > Females ;  Australia ;,,,Original,A84423099R,Feb-1978,Apr-2026,579,000,STOCK,Month,1,
Employed total ;  > Females ;  > New South Wales ;,,,Trend,A84424049K,Feb-1978,Apr-2026,579,000,STOCK,Month,1,
Employed total ;  > Females ;  > New South Wales ;,,,Seasonally Adjusted,A84423377C,Feb-1978,Apr-2026,579,000,STOCK,Month,1,
Employed total ;  > Females ;  > New South Wales ;,,,Original,A84423713C,Feb-1978,Apr-2026,579,000,STOCK,Month,1,
Employed total ;  > Females ;  > Victoria ;,,,Trend,A84424133A,Feb-1978,Apr-2026,579,000,STOCK,Month,1,
Employed total ;  > Females ;  > Victoria ;,,,Seasonally Adjusted,A84423461V,Feb-1978,Apr-2026,579,000,STOCK,Month,1,
Employed total ;  > Females ;  > Victoria ;,,,Original,A84423797X,Feb-1978,Apr-2026,579,000,STOCK,Month,1,
Employed total ;  > Females ;  > Queensland ;,,,Trend,A84424063F,Feb-1978,Apr-2026,579,000,STOCK,Month,1,
Employed total ;  > Females ;  > Queensland ;,,,Seasonally Adjusted,A84423391X,Feb-1978,Apr-2026,579,000,STOCK,Month,1,
Employed total ;  > Females ;  > Queensland ;,,,Original,A84423727T,Feb-1978,Apr-2026,579,000,STOCK,Month,1,
Employed total ;  > Females ;  > South Australia ;,,,Trend,A84424147R,Feb-1978,Apr-2026,579,000,STOCK,Month,1,
Employed total ;  > Females ;  > South Australia ;,,,Seasonally Adjusted,A84423475J,Feb-1978,Apr-2026,579,000,STOCK,Month,1,
Employed total ;  > Females ;  > South Australia ;,,,Original,A84423811J,Feb-1978,Apr-2026,579,000,STOCK,Month,1,
Employed total ;  > Females ;  > Western Australia ;,,,Trend,A84424105T,Feb-1978,Apr-2026,579,000,STOCK,Month,1,
Employed total ;  > Females ;  > Western Australia ;,,,Seasonally Adjusted,A84423433K,Feb-1978,Apr-2026,579,000,STOCK,Month,1,
Employed total ;  > Females ;  > Western Australia ;,,,Original,A84423769R,Feb-1978,Apr-2026,579,000,STOCK,Month,1,
Employed total ;  > Females ;  > Tasmania ;,,,Trend,A84424077V,Feb-1978,Apr-2026,579,000,STOCK,Month,1,
Employed total ;  > Females ;  > Tasmania ;,,,Seasonally Adjusted,A84423405A,Feb-1978,Apr-2026,579,000,STOCK,Month,1,
Employed total ;  > Females ;  > Tasmania ;,,,Original,A84423741L,Feb-1978,Apr-2026,579,000,STOCK,Month,1,
Employed total ;  > Females ;  > Northern Territory ;,,,Trend,A84424119F,Feb-1978,Apr-2026,579,000,STOCK,Month,1,
Employed total ;  > Females ;  > Northern Territory ;,,,Original,A84423783K,Feb-1978,Apr-2026,579,000,STOCK,Month,1,
Employed total ;  > Females ;  > Australian Capital Territory ;,,,Trend,A84424091R,Feb-1978,Apr-2026,579,000,STOCK,Month,1,
Employed total ;  > Females ;  > Australian Capital Territory ;,,,Original,A84423755A,Feb-1978,Apr-2026,579,000,STOCK,Month,1,
> Employed full-time ;  Persons ;  Australia ;,,,Trend,A84423125J,Feb-1978,Apr-2026,579,000,STOCK,Month,1,
> Employed full-time ;  Persons ;  Australia ;,,,Seasonally Adjusted,A84423041X,Feb-1978,Apr-2026,579,000,STOCK,Month,1,
> Employed full-time ;  Persons ;  Australia ;,,,Original,A84423083W,Feb-1978,Apr-2026,579,000,STOCK,Month,1,
> Employed full-time ;  Persons ;  > New South Wales ;,,,Trend,A84423945R,Feb-1978,Apr-2026,579,000,STOCK,Month,1,
> Employed full-time ;  Persons ;  > New South Wales ;,,,Seasonally Adjusted,A84423273K,Feb-1978,Apr-2026,579,000,STOCK,Month,1,
> Employed full-time ;  Persons ;  > New South Wales ;,,,Original,A84423609C,Feb-1978,Apr-2026,579,000,STOCK,Month,1,
> Employed full-time ;  Persons ;  > Victoria ;,,,Trend,A84424029A,Feb-1978,Apr-2026,579,000,STOCK,Month,1,
> Employed full-time ;  Persons ;  > Victoria ;,,,Seasonally Adjusted,A84423357V,Feb-1978,Apr-2026,579,000,STOCK,Month,1,
> Employed full-time ;  Persons ;  > Victoria ;,,,Original,A84423693F,Feb-1978,Apr-2026,579,000,STOCK,Month,1,
> Employed full-time ;  Persons ;  > Queensland ;,,,Trend,A84423959C,Feb-1978,Apr-2026,579,000,STOCK,Month,1,
> Employed full-time ;  Persons ;  > Queensland ;,,,Seasonally Adjusted,A84423287X,Feb-1978,Apr-2026,579,000,STOCK,Month,1,
> Employed full-time ;  Persons ;  > Queensland ;,,,Original,A84423623X,Feb-1978,Apr-2026,579,000,STOCK,Month,1,
> Employed full-time ;  Persons ;  > South Australia ;,,,Trend,A84424043W,Feb-1978,Apr-2026,579,000,STOCK,Month,1,
> Employed full-time ;  Persons ;  > South Australia ;,,,Seasonally Adjusted,A84423371R,Feb-1978,Apr-2026,579,000,STOCK,Month,1,
> Employed full-time ;  Persons ;  > South Australia ;,,,Original,A84423707J,Feb-1978,Apr-2026,579,000,STOCK,Month,1,
> Employed full-time ;  Persons ;  > Western Australia ;,,,Trend,A84424001X,Feb-1978,Apr-2026,579,000,STOCK,Month,1,
> Employed full-time ;  Persons ;  > Western Australia ;,,,Seasonally Adjusted,A84423329K,Feb-1978,Apr-2026,579,000,STOCK,Month,1,
> Employed full-time ;  Persons ;  > Western Australia ;,,,Original,A84423665W,Feb-1978,Apr-2026,579,000,STOCK,Month,1,
> Employed full-time ;  Persons ;  > Tasmania ;,,,Trend,A84423973X,Feb-1978,Apr-2026,579,000,STOCK,Month,1,
> Employed full-time ;  Persons ;  > Tasmania ;,,,Seasonally Adjusted,A84423301J,Feb-1978,Apr-2026,579,000,STOCK,Month,1,
> Employed full-time ;  Persons ;  > Tasmania ;,,,Original,A84423637L,Feb-1978,Apr-2026,579,000,STOCK,Month,1,
> Employed full-time ;  Persons ;  > Northern Territory ;,,,Trend,A84424015L,Feb-1978,Apr-2026,579,000,STOCK,Month,1,
> Employed full-time ;  Persons ;  > Northern Territory ;,,,Original,A84423679K,Feb-1978,Apr-2026,579,000,STOCK,Month,1,
> Employed full-time ;  Persons ;  > Australian Capital Territory ;,,,Trend,A84423987L,Feb-1978,Apr-2026,579,000,STOCK,Month,1,
> Employed full-time ;  Persons ;  > Australian Capital Territory ;,,,Original,A84423651J,Feb-1978,Apr-2026,579,000,STOCK,Month,1,
> Employed full-time ;  > Males ;  Australia ;,,,Trend,A84423111V,Feb-1978,Apr-2026,579,000,STOCK,Month,1,
> Employed full-time ;  > Males ;  Australia ;,,,Seasonally Adjusted,A84423027C,Feb-1978,Apr-2026,579,000,STOCK,Month,1,
> Employed full-time ;  > Males ;  Australia ;,,,Original,A84423069A,Feb-1978,Apr-2026,579,000,STOCK,Month,1,
> Employed full-time ;  > Males ;  > New South Wales ;,,,Trend,A84423833W,Feb-1978,Apr-2026,579,000,STOCK,Month,1,
> Employed full-time ;  > Males ;  > New South Wales ;,,,Seasonally Adjusted,A84423161T,Feb-1978,Apr-2026,579,000,STOCK,Month,1,
> Employed full-time ;  > Males ;  > New South Wales ;,,,Original,A84423497W,Feb-1978,Apr-2026,579,000,STOCK,Month,1,
> Employed full-time ;  > Males ;  > Victoria ;,,,Trend,A84423917F,Feb-1978,Apr-2026,579,000,STOCK,Month,1,
> Employed full-time ;  > Males ;  > Victoria ;,,,Seasonally Adjusted,A84423245A,Feb-1978,Apr-2026,579,000,STOCK,Month,1,
> Employed full-time ;  > Males ;  > Victoria ;,,,Original,A84423581L,Feb-1978,Apr-2026,579,000,STOCK,Month,1,
> Employed full-time ;  > Males ;  > Queensland ;,,,Trend,A84423847K,Feb-1978,Apr-2026,579,000,STOCK,Month,1,
> Employed full-time ;  > Males ;  > Queensland ;,,,Seasonally Adjusted,A84423175F,Feb-1978,Apr-2026,579,000,STOCK,Month,1,
> Employed full-time ;  > Males ;  > Queensland ;,,,Original,A84423511F,Feb-1978,Apr-2026,579,000,STOCK,Month,1,
> Employed full-time ;  > Males ;  > South Australia ;,,,Trend,A84423931A,Feb-1978,Apr-2026,579,000,STOCK,Month,1,
> Employed full-time ;  > Males ;  > South Australia ;,,,Seasonally Adjusted,A84423259R,Feb-1978,Apr-2026,579,000,STOCK,Month,1,
> Employed full-time ;  > Males ;  > South Australia ;,,,Original,A84423595A,Feb-1978,Apr-2026,579,000,STOCK,Month,1,
> Employed full-time ;  > Males ;  > Western Australia ;,,,Trend,A84423889J,Feb-1978,Apr-2026,579,000,STOCK,Month,1,
> Employed full-time ;  > Males ;  > Western Australia ;,,,Seasonally Adjusted,A84423217T,Feb-1978,Apr-2026,579,000,STOCK,Month,1,
> Employed full-time ;  > Males ;  > Western Australia ;,,,Original,A84423553C,Feb-1978,Apr-2026,579,000,STOCK,Month,1,
> Employed full-time ;  > Males ;  > Tasmania ;,,,Trend,A84423861F,Feb-1978,Apr-2026,579,000,STOCK,Month,1,
> Employed full-time ;  > Males ;  > Tasmania ;,,,Seasonally Adjusted,A84423189V,Feb-1978,Apr-2026,579,000,STOCK,Month,1,
> Employed full-time ;  > Males ;  > Tasmania ;,,,Original,A84423525V,Feb-1978,Apr-2026,579,000,STOCK,Month,1,
> Employed full-time ;  > Males ;  > Northern Territory ;,,,Trend,A84423903T,Feb-1978,Apr-2026,579,000,STOCK,Month,1,
> Employed full-time ;  > Males ;  > Northern Territory ;,,,Original,A84423567T,Feb-1978,Apr-2026,579,000,STOCK,Month,1,
> Employed full-time ;  > Males ;  > Australian Capital Territory ;,,,Trend,A84423875V,Feb-1978,Apr-2026,579,000,STOCK,Month,1,
> Employed full-time ;  > Males ;  > Australian Capital Territory ;,,,Original,A84423539J,Feb-1978,Apr-2026,579,000,STOCK,Month,1,
> Employed full-time ;  > Females ;  Australia ;,,,Trend,A84423139W,Feb-1978,Apr-2026,579,000,STOCK,Month,1,
> Employed full-time ;  > Females ;  Australia ;,,,Seasonally Adjusted,A84423055L,Feb-1978,Apr-2026,579,000,STOCK,Month,1,
> Employed full-time ;  > Females ;  Australia ;,,,Original,A84423097K,Feb-1978,Apr-2026,579,000,STOCK,Month,1,
> Employed full-time ;  > Females ;  > New South Wales ;,,,Trend,A84424057K,Feb-1978,Apr-2026,579,000,STOCK,Month,1,
> Employed full-time ;  > Females ;  > New South Wales ;,,,Seasonally Adjusted,A84423385C,Feb-1978,Apr-2026,579,000,STOCK,Month,1,
> Employed full-time ;  > Females ;  > New South Wales ;,,,Original,A84423721C,Feb-1978,Apr-2026,579,000,STOCK,Month,1,
> Employed full-time ;  > Females ;  > Victoria ;,,,Trend,A84424141A,Feb-1978,Apr-2026,579,000,STOCK,Month,1,
> Employed full-time ;  > Females ;  > Victoria ;,,,Seasonally Adjusted,A84423469L,Feb-1978,Apr-2026,579,000,STOCK,Month,1,
> Employed full-time ;  > Females ;  > Victoria ;,,,Original,A84423805L,Feb-1978,Apr-2026,579,000,STOCK,Month,1,
> Employed full-time ;  > Females ;  > Queensland ;,,,Trend,A84424071F,Feb-1978,Apr-2026,579,000,STOCK,Month,1,
> Employed full-time ;  > Females ;  > Queensland ;,,,Seasonally Adjusted,A84423399T,Feb-1978,Apr-2026,579,000,STOCK,Month,1,
> Employed full-time ;  > Females ;  > Queensland ;,,,Original,A84423735T,Feb-1978,Apr-2026,579,000,STOCK,Month,1,
> Employed full-time ;  > Females ;  > South Australia ;,,,Trend,A84424155R,Feb-1978,Apr-2026,579,000,STOCK,Month,1,
> Employed full-time ;  > Females ;  > South Australia ;,,,Seasonally Adjusted,A84423483J,Feb-1978,Apr-2026,579,000,STOCK,Month,1,
> Employed full-time ;  > Females ;  > South Australia ;,,,Original,A84423819A,Feb-1978,Apr-2026,579,000,STOCK,Month,1,
> Employed full-time ;  > Females ;  > Western Australia ;,,,Trend,A84424113T,Feb-1978,Apr-2026,579,000,STOCK,Month,1,
> Employed full-time ;  > Females ;  > Western Australia ;,,,Seasonally Adjusted,A84423441K,Feb-1978,Apr-2026,579,000,STOCK,Month,1,
> Employed full-time ;  > Females ;  > Western Australia ;,,,Original,A84423777R,Feb-1978,Apr-2026,579,000,STOCK,Month,1,
> Employed full-time ;  > Females ;  > Tasmania ;,,,Trend,A84424085V,Feb-1978,Apr-2026,579,000,STOCK,Month,1,
> Employed full-time ;  > Females ;  > Tasmania ;,,,Seasonally Adjusted,A84423413A,Feb-1978,Apr-2026,579,000,STOCK,Month,1,
> Employed full-time ;  > Females ;  > Tasmania ;,,,Original,A84423749F,Feb-1978,Apr-2026,579,000,STOCK,Month,1,
> Employed full-time ;  > Females ;  > Northern Territory ;,,,Trend,A84424127F,Feb-1978,Apr-2026,579,000,STOCK,Month,1,
> Employed full-time ;  > Females ;  > Northern Territory ;,,,Original,A84423791K,Feb-1978,Apr-2026,579,000,STOCK,Month,1,
> Employed full-time ;  > Females ;  > Australian Capital Territory ;,,,Trend,A84424099J,Feb-1978,Apr-2026,579,000,STOCK,Month,1,
> Employed full-time ;  > Females ;  > Australian Capital Territory ;,,,Original,A84423763A,Feb-1978,Apr-2026,579,000,STOCK,Month,1,
> Employed part-time ;  Persons ;  Australia ;,,,Trend,A84423126K,Feb-1978,Apr-2026,579,000,STOCK,Month,1,
> Employed part-time ;  Persons ;  Australia ;,,,Seasonally Adjusted,A84423042A,Feb-1978,Apr-2026,579,000,STOCK,Month,1,
> Employed part-time ;  Persons ;  Australia ;,,,Original,A84423084X,Feb-1978,Apr-2026,579,000,STOCK,Month,1,
> Employed part-time ;  Persons ;  > New South Wales ;,,,Original,A84423610L,Feb-1978,Apr-2026,579,000,STOCK,Month,1,
> Employed part-time ;  Persons ;  > Victoria ;,,,Original,A84423694J,Feb-1978,Apr-2026,579,000,STOCK,Month,1,
> Employed part-time ;  Persons ;  > Queensland ;,,,Original,A84423624A,Feb-1978,Apr-2026,579,000,STOCK,Month,1,
> Employed part-time ;  Persons ;  > South Australia ;,,,Original,A84423708K,Feb-1978,Apr-2026,579,000,STOCK,Month,1,
> Employed part-time ;  Persons ;  > Western Australia ;,,,Original,A84423666X,Feb-1978,Apr-2026,579,000,STOCK,Month,1,
> Employed part-time ;  Persons ;  > Tasmania ;,,,Original,A84423638R,Feb-1978,Apr-2026,579,000,STOCK,Month,1,
> Employed part-time ;  Persons ;  > Northern Territory ;,,,Original,A84423680V,Feb-1978,Apr-2026,579,000,STOCK,Month,1,
> Employed part-time ;  Persons ;  > Australian Capital Territory ;,,,Original,A84423652K,Feb-1978,Apr-2026,579,000,STOCK,Month,1,
> Employed part-time ;  > Males ;  Australia ;,,,Trend,A84423112W,Feb-1978,Apr-2026,579,000,STOCK,Month,1,
> Employed part-time ;  > Males ;  Australia ;,,,Seasonally Adjusted,A84423028F,Feb-1978,Apr-2026,579,000,STOCK,Month,1,
> Employed part-time ;  > Males ;  Australia ;,,,Original,A84423070K,Feb-1978,Apr-2026,579,000,STOCK,Month,1,
> Employed part-time ;  > Males ;  > New South Wales ;,,,Original,A84423498X,Feb-1978,Apr-2026,579,000,STOCK,Month,1,
> Employed part-time ;  > Males ;  > Victoria ;,,,Original,A84423582R,Feb-1978,Apr-2026,579,000,STOCK,Month,1,
> Employed part-time ;  > Males ;  > Queensland ;,,,Original,A84423512J,Feb-1978,Apr-2026,579,000,STOCK,Month,1,
> Employed part-time ;  > Males ;  > South Australia ;,,,Original,A84423596C,Feb-1978,Apr-2026,579,000,STOCK,Month,1,
> Employed part-time ;  > Males ;  > Western Australia ;,,,Original,A84423554F,Feb-1978,Apr-2026,579,000,STOCK,Month,1,
> Employed part-time ;  > Males ;  > Tasmania ;,,,Original,A84423526W,Feb-1978,Apr-2026,579,000,STOCK,Month,1,
> Employed part-time ;  > Males ;  > Northern Territory ;,,,Original,A84423568V,Feb-1978,Apr-2026,579,000,STOCK,Month,1,
> Employed part-time ;  > Males ;  > Australian Capital Territory ;,,,Original,A84423540T,Feb-1978,Apr-2026,579,000,STOCK,Month,1,
> Employed part-time ;  > Females ;  Australia ;,,,Trend,A84423140F,Feb-1978,Apr-2026,579,000,STOCK,Month,1,
> Employed part-time ;  > Females ;  Australia ;,,,Seasonally Adjusted,A84423056R,Feb-1978,Apr-2026,579,000,STOCK,Month,1,
> Employed part-time ;  > Females ;  Australia ;,,,Original,A84423098L,Feb-1978,Apr-2026,579,000,STOCK,Month,1,
> Employed part-time ;  > Females ;  > New South Wales ;,,,Original,A84423722F,Feb-1978,Apr-2026,579,000,STOCK,Month,1,
> Employed part-time ;  > Females ;  > Victoria ;,,,Original,A84423806R,Feb-1978,Apr-2026,579,000,STOCK,Month,1,
> Employed part-time ;  > Females ;  > Queensland ;,,,Original,A84423736V,Feb-1978,Apr-2026,579,000,STOCK,Month,1,
> Employed part-time ;  > Females ;  > South Australia ;,,,Original,A84423820K,Feb-1978,Apr-2026,579,000,STOCK,Month,1,
> Employed part-time ;  > Females ;  > Western Australia ;,,,Original,A84423778T,Feb-1978,Apr-2026,579,000,STOCK,Month,1,
> Employed part-time ;  > Females ;  > Tasmania ;,,,Original,A84423750R,Feb-1978,Apr-2026,579,000,STOCK,Month,1,
> Employed part-time ;  > Females ;  > Northern Territory ;,,,Original,A84423792L,Feb-1978,Apr-2026,579,000,STOCK,Month,1,
> Employed part-time ;  > Females ;  > Australian Capital Territory ;,,,Original,A84423764C,Feb-1978,Apr-2026,579,000,STOCK,Month,1,
Employment to population ratio ;  Persons ;  Australia ;,,,Trend,A84423138V,Feb-1978,Apr-2026,579,Percent,PERCENT,Month,1,
Employment to population ratio ;  Persons ;  Australia ;,,,Seasonally Adjusted,A84423054K,Feb-1978,Apr-2026,579,Percent,PERCENT,Month,1,
Employment to population ratio ;  Persons ;  Australia ;,,,Original,A84423096J,Feb-1978,Apr-2026,579,Percent,PERCENT,Month,1,
Employment to population ratio ;  Persons ;  > New South Wales ;,,,Trend,A84423944L,Feb-1978,Apr-2026,579,Percent,PERCENT,Month,1,
Employment to population ratio ;  Persons ;  > New South Wales ;,,,Seasonally Adjusted,A84423272J,Feb-1978,Apr-2026,579,Percent,PERCENT,Month,1,
Employment to population ratio ;  Persons ;  > New South Wales ;,,,Original,A84423608A,Feb-1978,Apr-2026,579,Percent,PERCENT,Month,1,
Employment to population ratio ;  Persons ;  > Victoria ;,,,Trend,A84424028X,Feb-1978,Apr-2026,579,Percent,PERCENT,Month,1,
Employment to population ratio ;  Persons ;  > Victoria ;,,,Seasonally Adjusted,A84423356T,Feb-1978,Apr-2026,579,Percent,PERCENT,Month,1,
Employment to population ratio ;  Persons ;  > Victoria ;,,,Original,A84423692C,Feb-1978,Apr-2026,579,Percent,PERCENT,Month,1,
Employment to population ratio ;  Persons ;  > Queensland ;,,,Trend,A84423958A,Feb-1978,Apr-2026,579,Percent,PERCENT,Month,1,
Employment to population ratio ;  Persons ;  > Queensland ;,,,Seasonally Adjusted,A84423286W,Feb-1978,Apr-2026,579,Percent,PERCENT,Month,1,
Employment to population ratio ;  Persons ;  > Queensland ;,,,Original,A84423622W,Feb-1978,Apr-2026,579,Percent,PERCENT,Month,1,
Employment to population ratio ;  Persons ;  > South Australia ;,,,Trend,A84424042V,Feb-1978,Apr-2026,579,Percent,PERCENT,Month,1,
Employment to population ratio ;  Persons ;  > South Australia ;,,,Seasonally Adjusted,A84423370L,Feb-1978,Apr-2026,579,Percent,PERCENT,Month,1,
Employment to population ratio ;  Persons ;  > South Australia ;,,,Original,A84423706F,Feb-1978,Apr-2026,579,Percent,PERCENT,Month,1,
Employment to population ratio ;  Persons ;  > Western Australia ;,,,Trend,A84424000W,Feb-1978,Apr-2026,579,Percent,PERCENT,Month,1,
Employment to population ratio ;  Persons ;  > Western Australia ;,,,Seasonally Adjusted,A84423328J,Feb-1978,Apr-2026,579,Percent,PERCENT,Month,1,
Employment to population ratio ;  Persons ;  > Western Australia ;,,,Original,A84423664V,Feb-1978,Apr-2026,579,Percent,PERCENT,Month,1,
Employment to population ratio ;  Persons ;  > Tasmania ;,,,Trend,A84423972W,Feb-1978,Apr-2026,579,Percent,PERCENT,Month,1,
Employment to population ratio ;  Persons ;  > Tasmania ;,,,Seasonally Adjusted,A84423300F,Feb-1978,Apr-2026,579,Percent,PERCENT,Month,1,
Employment to population ratio ;  Persons ;  > Tasmania ;,,,Original,A84423636K,Feb-1978,Apr-2026,579,Percent,PERCENT,Month,1,
Employment to population ratio ;  Persons ;  > Northern Territory ;,,,Trend,A84424014K,Feb-1978,Apr-2026,579,Percent,PERCENT,Month,1,
Employment to population ratio ;  Persons ;  > Northern Territory ;,,,Original,A84423678J,Feb-1978,Apr-2026,579,Percent,PERCENT,Month,1,
Employment to population ratio ;  Persons ;  > Australian Capital Territory ;,,,Trend,A84423986K,Feb-1978,Apr-2026,579,Percent,PERCENT,Month,1,
Employment to population ratio ;  Persons ;  > Australian Capital Territory ;,,,Original,A84423650F,Feb-1978,Apr-2026,579,Percent,PERCENT,Month,1,
Employment to population ratio ;  > Males ;  Australia ;,,,Trend,A84423124F,Feb-1978,Apr-2026,579,Percent,PERCENT,Month,1,
Employment to population ratio ;  > Males ;  Australia ;,,,Seasonally Adjusted,A84423040W,Feb-1978,Apr-2026,579,Percent,PERCENT,Month,1,
Employment to population ratio ;  > Males ;  Australia ;,,,Original,A84423082V,Feb-1978,Apr-2026,579,Percent,PERCENT,Month,1,
Employment to population ratio ;  > Males ;  > New South Wales ;,,,Trend,A84423832V,Feb-1978,Apr-2026,579,Percent,PERCENT,Month,1,
Employment to population ratio ;  > Males ;  > New South Wales ;,,,Seasonally Adjusted,A84423160R,Feb-1978,Apr-2026,579,Percent,PERCENT,Month,1,
Employment to population ratio ;  > Males ;  > New South Wales ;,,,Original,A84423496V,Feb-1978,Apr-2026,579,Percent,PERCENT,Month,1,
Employment to population ratio ;  > Males ;  > Victoria ;,,,Trend,A84423916C,Feb-1978,Apr-2026,579,Percent,PERCENT,Month,1,
Employment to population ratio ;  > Males ;  > Victoria ;,,,Seasonally Adjusted,A84423244X,Feb-1978,Apr-2026,579,Percent,PERCENT,Month,1,
Employment to population ratio ;  > Males ;  > Victoria ;,,,Original,A84423580K,Feb-1978,Apr-2026,579,Percent,PERCENT,Month,1,
Employment to population ratio ;  > Males ;  > Queensland ;,,,Trend,A84423846J,Feb-1978,Apr-2026,579,Percent,PERCENT,Month,1,
Employment to population ratio ;  > Males ;  > Queensland ;,,,Seasonally Adjusted,A84423174C,Feb-1978,Apr-2026,579,Percent,PERCENT,Month,1,
Employment to population ratio ;  > Males ;  > Queensland ;,,,Original,A84423510C,Feb-1978,Apr-2026,579,Percent,PERCENT,Month,1,
Employment to population ratio ;  > Males ;  > South Australia ;,,,Trend,A84423930X,Feb-1978,Apr-2026,579,Percent,PERCENT,Month,1,
Employment to population ratio ;  > Males ;  > South Australia ;,,,Seasonally Adjusted,A84423258L,Feb-1978,Apr-2026,579,Percent,PERCENT,Month,1,
Employment to population ratio ;  > Males ;  > South Australia ;,,,Original,A84423594X,Feb-1978,Apr-2026,579,Percent,PERCENT,Month,1,
Employment to population ratio ;  > Males ;  > Western Australia ;,,,Trend,A84423888F,Feb-1978,Apr-2026,579,Percent,PERCENT,Month,1,
Employment to population ratio ;  > Males ;  > Western Australia ;,,,Seasonally Adjusted,A84423216R,Feb-1978,Apr-2026,579,Percent,PERCENT,Month,1,
Employment to population ratio ;  > Males ;  > Western Australia ;,,,Original,A84423552A,Feb-1978,Apr-2026,579,Percent,PERCENT,Month,1,
Employment to population ratio ;  > Males ;  > Tasmania ;,,,Trend,A84423860C,Feb-1978,Apr-2026,579,Percent,PERCENT,Month,1,
Employment to population ratio ;  > Males ;  > Tasmania ;,,,Seasonally Adjusted,A84423188T,Feb-1978,Apr-2026,579,Percent,PERCENT,Month,1,
Employment to population ratio ;  > Males ;  > Tasmania ;,,,Original,A84423524T,Feb-1978,Apr-2026,579,Percent,PERCENT,Month,1,
Employment to population ratio ;  > Males ;  > Northern Territory ;,,,Trend,A84423902R,Feb-1978,Apr-2026,579,Percent,PERCENT,Month,1,
Employment to population ratio ;  > Males ;  > Northern Territory ;,,,Original,A84423566R,Feb-1978,Apr-2026,579,Percent,PERCENT,Month,1,
Employment to population ratio ;  > Males ;  > Australian Capital Territory ;,,,Trend,A84423874T,Feb-1978,Apr-2026,579,Percent,PERCENT,Month,1,
Employment to population ratio ;  > Males ;  > Australian Capital Territory ;,,,Original,A84423538F,Feb-1978,Apr-2026,579,Percent,PERCENT,Month,1,
Employment to population ratio ;  > Females ;  Australia ;,,,Trend,A84423152R,Feb-1978,Apr-2026,579,Percent,PERCENT,Month,1,
Employment to population ratio ;  > Females ;  Australia ;,,,Seasonally Adjusted,A84423068X,Feb-1978,Apr-2026,579,Percent,PERCENT,Month,1,
Employment to population ratio ;  > Females ;  Australia ;,,,Original,A84423110T,Feb-1978,Apr-2026,579,Percent,PERCENT,Month,1,
Employment to population ratio ;  > Females ;  > New South Wales ;,,,Trend,A84424056J,Feb-1978,Apr-2026,579,Percent,PERCENT,Month,1,
Employment to population ratio ;  > Females ;  > New South Wales ;,,,Seasonally Adjusted,A84423384A,Feb-1978,Apr-2026,579,Percent,PERCENT,Month,1,
Employment to population ratio ;  > Females ;  > New South Wales ;,,,Original,A84423720A,Feb-1978,Apr-2026,579,Percent,PERCENT,Month,1,
Employment to population ratio ;  > Females ;  > Victoria ;,,,Trend,A84424140X,Feb-1978,Apr-2026,579,Percent,PERCENT,Month,1,
Employment to population ratio ;  > Females ;  > Victoria ;,,,Seasonally Adjusted,A84423468K,Feb-1978,Apr-2026,579,Percent,PERCENT,Month,1,
Employment to population ratio ;  > Females ;  > Victoria ;,,,Original,A84423804K,Feb-1978,Apr-2026,579,Percent,PERCENT,Month,1,
Employment to population ratio ;  > Females ;  > Queensland ;,,,Trend,A84424070C,Feb-1978,Apr-2026,579,Percent,PERCENT,Month,1,
Employment to population ratio ;  > Females ;  > Queensland ;,,,Seasonally Adjusted,A84423398R,Feb-1978,Apr-2026,579,Percent,PERCENT,Month,1,
Employment to population ratio ;  > Females ;  > Queensland ;,,,Original,A84423734R,Feb-1978,Apr-2026,579,Percent,PERCENT,Month,1,
Employment to population ratio ;  > Females ;  > South Australia ;,,,Trend,A84424154L,Feb-1978,Apr-2026,579,Percent,PERCENT,Month,1,
Employment to population ratio ;  > Females ;  > South Australia ;,,,Seasonally Adjusted,A84423482F,Feb-1978,Apr-2026,579,Percent,PERCENT,Month,1,
Employment to population ratio ;  > Females ;  > South Australia ;,,,Original,A84423818X,Feb-1978,Apr-2026,579,Percent,PERCENT,Month,1,
Employment to population ratio ;  > Females ;  > Western Australia ;,,,Trend,A84424112R,Feb-1978,Apr-2026,579,Percent,PERCENT,Month,1,
Employment to population ratio ;  > Females ;  > Western Australia ;,,,Seasonally Adjusted,A84423440J,Feb-1978,Apr-2026,579,Percent,PERCENT,Month,1,
Employment to population ratio ;  > Females ;  > Western Australia ;,,,Original,A84423776L,Feb-1978,Apr-2026,579,Percent,PERCENT,Month,1,
Employment to population ratio ;  > Females ;  > Tasmania ;,,,Trend,A84424084T,Feb-1978,Apr-2026,579,Percent,PERCENT,Month,1,
Employment to population ratio ;  > Females ;  > Tasmania ;,,,Seasonally Adjusted,A84423412X,Feb-1978,Apr-2026,579,Percent,PERCENT,Month,1,
Employment to population ratio ;  > Females ;  > Tasmania ;,,,Original,A84423748C,Feb-1978,Apr-2026,579,Percent,PERCENT,Month,1,
Employment to population ratio ;  > Females ;  > Northern Territory ;,,,Trend,A84424126C,Feb-1978,Apr-2026,579,Percent,PERCENT,Month,1,
Employment to population ratio ;  > Females ;  > Northern Territory ;,,,Original,A84423790J,Feb-1978,Apr-2026,579,Percent,PERCENT,Month,1,
Employment to population ratio ;  > Females ;  > Australian Capital Territory ;,,,Trend,A84424098F,Feb-1978,Apr-2026,579,Percent,PERCENT,Month,1,
Employment to population ratio ;  > Females ;  > Australian Capital Territory ;,,,Original,A84423762X,Feb-1978,Apr-2026,579,Percent,PERCENT,Month,1,
Unemployed total ;  Persons ;  Australia ;,,,Trend,A84423130A,Feb-1978,Apr-2026,579,000,STOCK,Month,1,
Unemployed total ;  Persons ;  Australia ;,,,Seasonally Adjusted,A84423046K,Feb-1978,Apr-2026,579,000,STOCK,Month,1,
Unemployed total ;  Persons ;  Australia ;,,,Original,A84423088J,Feb-1978,Apr-2026,579,000,STOCK,Month,1,
Unemployed total ;  Persons ;  > New South Wales ;,,,Trend,A84423938T,Feb-1978,Apr-2026,579,000,STOCK,Month,1,
Unemployed total ;  Persons ;  > New South Wales ;,,,Seasonally Adjusted,A84423266L,Feb-1978,Apr-2026,579,000,STOCK,Month,1,
Unemployed total ;  Persons ;  > New South Wales ;,,,Original,A84423602L,Feb-1978,Apr-2026,579,000,STOCK,Month,1,
Unemployed total ;  Persons ;  > Victoria ;,,,Trend,A84424022K,Feb-1978,Apr-2026,579,000,STOCK,Month,1,
Unemployed total ;  Persons ;  > Victoria ;,,,Seasonally Adjusted,A84423350C,Feb-1978,Apr-2026,579,000,STOCK,Month,1,
Unemployed total ;  Persons ;  > Victoria ;,,,Original,A84423686J,Feb-1978,Apr-2026,579,000,STOCK,Month,1,
Unemployed total ;  Persons ;  > Queensland ;,,,Trend,A84423952L,Feb-1978,Apr-2026,579,000,STOCK,Month,1,
Unemployed total ;  Persons ;  > Queensland ;,,,Seasonally Adjusted,A84423280J,Feb-1978,Apr-2026,579,000,STOCK,Month,1,
Unemployed total ;  Persons ;  > Queensland ;,,,Original,A84423616A,Feb-1978,Apr-2026,579,000,STOCK,Month,1,
Unemployed total ;  Persons ;  > South Australia ;,,,Trend,A84424036X,Feb-1978,Apr-2026,579,000,STOCK,Month,1,
Unemployed total ;  Persons ;  > South Australia ;,,,Seasonally Adjusted,A84423364T,Feb-1978,Apr-2026,579,000,STOCK,Month,1,
Unemployed total ;  Persons ;  > South Australia ;,,,Original,A84423700T,Feb-1978,Apr-2026,579,000,STOCK,Month,1,
Unemployed total ;  Persons ;  > Western Australia ;,,,Trend,A84423994K,Feb-1978,Apr-2026,579,000,STOCK,Month,1,
Unemployed total ;  Persons ;  > Western Australia ;,,,Seasonally Adjusted,A84423322V,Feb-1978,Apr-2026,579,000,STOCK,Month,1,
Unemployed total ;  Persons ;  > Western Australia ;,,,Original,A84423658X,Feb-1978,Apr-2026,579,000,STOCK,Month,1,
Unemployed total ;  Persons ;  > Tasmania ;,,,Trend,A84423966A,Feb-1978,Apr-2026,579,000,STOCK,Month,1,
Unemployed total ;  Persons ;  > Tasmania ;,,,Seasonally Adjusted,A84423294W,Feb-1978,Apr-2026,579,000,STOCK,Month,1,
Unemployed total ;  Persons ;  > Tasmania ;,,,Original,A84423630W,Feb-1978,Apr-2026,579,000,STOCK,Month,1,
Unemployed total ;  Persons ;  > Northern Territory ;,,,Trend,A84424008R,Feb-1978,Apr-2026,579,000,STOCK,Month,1,
Unemployed total ;  Persons ;  > Northern Territory ;,,,Original,A84423672V,Feb-1978,Apr-2026,579,000,STOCK,Month,1,
Unemployed total ;  Persons ;  > Australian Capital Territory ;,,,Trend,A84423980W,Feb-1978,Apr-2026,579,000,STOCK,Month,1,
Unemployed total ;  Persons ;  > Australian Capital Territory ;,,,Original,A84423644K,Feb-1978,Apr-2026,579,000,STOCK,Month,1,
Unemployed total ;  > Males ;  Australia ;,,,Trend,A84423116F,Feb-1978,Apr-2026,579,000,STOCK,Month,1,
Unemployed total ;  > Males ;  Australia ;,,,Seasonally Adjusted,A84423032W,Feb-1978,Apr-2026,579,000,STOCK,Month,1,
Unemployed total ;  > Males ;  Australia ;,,,Original,A84423074V,Feb-1978,Apr-2026,579,000,STOCK,Month,1,
Unemployed total ;  > Males ;  > New South Wales ;,,,Trend,A84423826X,Feb-1978,Apr-2026,579,000,STOCK,Month,1,
Unemployed total ;  > Males ;  > New South Wales ;,,,Seasonally Adjusted,A84423154V,Feb-1978,Apr-2026,579,000,STOCK,Month,1,
Unemployed total ;  > Males ;  > New South Wales ;,,,Original,A84423490F,Feb-1978,Apr-2026,579,000,STOCK,Month,1,
Unemployed total ;  > Males ;  > Victoria ;,,,Trend,A84423910R,Feb-1978,Apr-2026,579,000,STOCK,Month,1,
Unemployed total ;  > Males ;  > Victoria ;,,,Seasonally Adjusted,A84423238C,Feb-1978,Apr-2026,579,000,STOCK,Month,1,
Unemployed total ;  > Males ;  > Victoria ;,,,Original,A84423574R,Feb-1978,Apr-2026,579,000,STOCK,Month,1,
Unemployed total ;  > Males ;  > Queensland ;,,,Trend,A84423840V,Feb-1978,Apr-2026,579,000,STOCK,Month,1,
Unemployed total ;  > Males ;  > Queensland ;,,,Seasonally Adjusted,A84423168J,Feb-1978,Apr-2026,579,000,STOCK,Month,1,
Unemployed total ;  > Males ;  > Queensland ;,,,Original,A84423504J,Feb-1978,Apr-2026,579,000,STOCK,Month,1,
Unemployed total ;  > Males ;  > South Australia ;,,,Trend,A84423924C,Feb-1978,Apr-2026,579,000,STOCK,Month,1,
Unemployed total ;  > Males ;  > South Australia ;,,,Seasonally Adjusted,A84423252X,Feb-1978,Apr-2026,579,000,STOCK,Month,1,
Unemployed total ;  > Males ;  > South Australia ;,,,Original,A84423588C,Feb-1978,Apr-2026,579,000,STOCK,Month,1,
Unemployed total ;  > Males ;  > Western Australia ;,,,Trend,A84423882T,Feb-1978,Apr-2026,579,000,STOCK,Month,1,
Unemployed total ;  > Males ;  > Western Australia ;,,,Seasonally Adjusted,A84423210A,Feb-1978,Apr-2026,579,000,STOCK,Month,1,
Unemployed total ;  > Males ;  > Western Australia ;,,,Original,A84423546F,Feb-1978,Apr-2026,579,000,STOCK,Month,1,
Unemployed total ;  > Males ;  > Tasmania ;,,,Trend,A84423854J,Feb-1978,Apr-2026,579,000,STOCK,Month,1,
Unemployed total ;  > Males ;  > Tasmania ;,,,Seasonally Adjusted,A84423182C,Feb-1978,Apr-2026,579,000,STOCK,Month,1,
Unemployed total ;  > Males ;  > Tasmania ;,,,Original,A84423518W,Feb-1978,Apr-2026,579,000,STOCK,Month,1,
Unemployed total ;  > Males ;  > Northern Territory ;,,,Trend,A84423896F,Feb-1978,Apr-2026,579,000,STOCK,Month,1,
Unemployed total ;  > Males ;  > Northern Territory ;,,,Original,A84423560A,Feb-1978,Apr-2026,579,000,STOCK,Month,1,
Unemployed total ;  > Males ;  > Australian Capital Territory ;,,,Trend,A84423868W,Feb-1978,Apr-2026,579,000,STOCK,Month,1,
Unemployed total ;  > Males ;  > Australian Capital Territory ;,,,Original,A84423532T,Feb-1978,Apr-2026,579,000,STOCK,Month,1,
Unemployed total ;  > Females ;  Australia ;,,,Trend,A84423144R,Feb-1978,Apr-2026,579,000,STOCK,Month,1,
Unemployed total ;  > Females ;  Australia ;,,,Seasonally Adjusted,A84423060F,Feb-1978,Apr-2026,579,000,STOCK,Month,1,
Unemployed total ;  > Females ;  Australia ;,,,Original,A84423102T,Feb-1978,Apr-2026,579,000,STOCK,Month,1,
Unemployed total ;  > Females ;  > New South Wales ;,,,Trend,A84424050V,Feb-1978,Apr-2026,579,000,STOCK,Month,1,
Unemployed total ;  > Females ;  > New South Wales ;,,,Seasonally Adjusted,A84423378F,Feb-1978,Apr-2026,579,000,STOCK,Month,1,
Unemployed total ;  > Females ;  > New South Wales ;,,,Original,A84423714F,Feb-1978,Apr-2026,579,000,STOCK,Month,1,
Unemployed total ;  > Females ;  > Victoria ;,,,Trend,A84424134C,Feb-1978,Apr-2026,579,000,STOCK,Month,1,
Unemployed total ;  > Females ;  > Victoria ;,,,Seasonally Adjusted,A84423462W,Feb-1978,Apr-2026,579,000,STOCK,Month,1,
Unemployed total ;  > Females ;  > Victoria ;,,,Original,A84423798A,Feb-1978,Apr-2026,579,000,STOCK,Month,1,
Unemployed total ;  > Females ;  > Queensland ;,,,Trend,A84424064J,Feb-1978,Apr-2026,579,000,STOCK,Month,1,
Unemployed total ;  > Females ;  > Queensland ;,,,Seasonally Adjusted,A84423392A,Feb-1978,Apr-2026,579,000,STOCK,Month,1,
Unemployed total ;  > Females ;  > Queensland ;,,,Original,A84423728V,Feb-1978,Apr-2026,579,000,STOCK,Month,1,
Unemployed total ;  > Females ;  > South Australia ;,,,Trend,A84424148T,Feb-1978,Apr-2026,579,000,STOCK,Month,1,
Unemployed total ;  > Females ;  > South Australia ;,,,Seasonally Adjusted,A84423476K,Feb-1978,Apr-2026,579,000,STOCK,Month,1,
Unemployed total ;  > Females ;  > South Australia ;,,,Original,A84423812K,Feb-1978,Apr-2026,579,000,STOCK,Month,1,
Unemployed total ;  > Females ;  > Western Australia ;,,,Trend,A84424106V,Feb-1978,Apr-2026,579,000,STOCK,Month,1,
Unemployed total ;  > Females ;  > Western Australia ;,,,Seasonally Adjusted,A84423434L,Feb-1978,Apr-2026,579,000,STOCK,Month,1,
Unemployed total ;  > Females ;  > Western Australia ;,,,Original,A84423770X,Feb-1978,Apr-2026,579,000,STOCK,Month,1,
Unemployed total ;  > Females ;  > Tasmania ;,,,Trend,A84424078W,Feb-1978,Apr-2026,579,000,STOCK,Month,1,
Unemployed total ;  > Females ;  > Tasmania ;,,,Seasonally Adjusted,A84423406C,Feb-1978,Apr-2026,579,000,STOCK,Month,1,
Unemployed total ;  > Females ;  > Tasmania ;,,,Original,A84423742R,Feb-1978,Apr-2026,579,000,STOCK,Month,1,
Unemployed total ;  > Females ;  > Northern Territory ;,,,Trend,A84424120R,Feb-1978,Apr-2026,579,000,STOCK,Month,1,
Unemployed total ;  > Females ;  > Northern Territory ;,,,Original,A84423784L,Feb-1978,Apr-2026,579,000,STOCK,Month,1,
Unemployed total ;  > Females ;  > Australian Capital Territory ;,,,Trend,A84424092T,Feb-1978,Apr-2026,579,000,STOCK,Month,1,
Unemployed total ;  > Females ;  > Australian Capital Territory ;,,,Original,A84423756C,Feb-1978,Apr-2026,579,000,STOCK,Month,1,
> Unemployed looked for full-time work ;  Persons ;  Australia ;,,,Trend,A84423128R,Feb-1978,Apr-2026,579,000,STOCK,Month,1,
> Unemployed looked for full-time work ;  Persons ;  Australia ;,,,Seasonally Adjusted,A84423044F,Feb-1978,Apr-2026,579,000,STOCK,Month,1,
> Unemployed looked for full-time work ;  Persons ;  Australia ;,,,Original,A84423086C,Feb-1978,Apr-2026,579,000,STOCK,Month,1,
> Unemployed looked for full-time work ;  Persons ;  > New South Wales ;,,,Original,A84423611R,Feb-1978,Apr-2026,579,000,STOCK,Month,1,
> Unemployed looked for full-time work ;  Persons ;  > Victoria ;,,,Original,A84423695K,Feb-1978,Apr-2026,579,000,STOCK,Month,1,
> Unemployed looked for full-time work ;  Persons ;  > Queensland ;,,,Original,A84423625C,Feb-1978,Apr-2026,579,000,STOCK,Month,1,
> Unemployed looked for full-time work ;  Persons ;  > South Australia ;,,,Original,A84423709L,Feb-1978,Apr-2026,579,000,STOCK,Month,1,
> Unemployed looked for full-time work ;  Persons ;  > Western Australia ;,,,Original,A84423667A,Feb-1978,Apr-2026,579,000,STOCK,Month,1,
> Unemployed looked for full-time work ;  Persons ;  > Tasmania ;,,,Original,A84423639T,Feb-1978,Apr-2026,579,000,STOCK,Month,1,
> Unemployed looked for full-time work ;  Persons ;  > Northern Territory ;,,,Original,A84423681W,Feb-1978,Apr-2026,579,000,STOCK,Month,1,
> Unemployed looked for full-time work ;  Persons ;  > Australian Capital Territory ;,,,Original,A84423653L,Feb-1978,Apr-2026,579,000,STOCK,Month,1,
> Unemployed looked for full-time work ;  > Males ;  Australia ;,,,Trend,A84423114A,Feb-1978,Apr-2026,579,000,STOCK,Month,1,
> Unemployed looked for full-time work ;  > Males ;  Australia ;,,,Seasonally Adjusted,A84423030T,Feb-1978,Apr-2026,579,000,STOCK,Month,1,
> Unemployed looked for full-time work ;  > Males ;  Australia ;,,,Original,A84423072R,Feb-1978,Apr-2026,579,000,STOCK,Month,1,
> Unemployed looked for full-time work ;  > Males ;  > New South Wales ;,,,Original,A84423499A,Feb-1978,Apr-2026,579,000,STOCK,Month,1,
> Unemployed looked for full-time work ;  > Males ;  > Victoria ;,,,Original,A84423583T,Feb-1978,Apr-2026,579,000,STOCK,Month,1,
> Unemployed looked for full-time work ;  > Males ;  > Queensland ;,,,Original,A84423513K,Feb-1978,Apr-2026,579,000,STOCK,Month,1,
> Unemployed looked for full-time work ;  > Males ;  > South Australia ;,,,Original,A84423597F,Feb-1978,Apr-2026,579,000,STOCK,Month,1,
> Unemployed looked for full-time work ;  > Males ;  > Western Australia ;,,,Original,A84423555J,Feb-1978,Apr-2026,579,000,STOCK,Month,1,
> Unemployed looked for full-time work ;  > Males ;  > Tasmania ;,,,Original,A84423527X,Feb-1978,Apr-2026,579,000,STOCK,Month,1,
> Unemployed looked for full-time work ;  > Males ;  > Northern Territory ;,,,Original,A84423569W,Feb-1978,Apr-2026,579,000,STOCK,Month,1,
> Unemployed looked for full-time work ;  > Males ;  > Australian Capital Territory ;,,,Original,A84423541V,Feb-1978,Apr-2026,579,000,STOCK,Month,1,
> Unemployed looked for full-time work ;  > Females ;  Australia ;,,,Trend,A84423142K,Feb-1978,Apr-2026,579,000,STOCK,Month,1,
> Unemployed looked for full-time work ;  > Females ;  Australia ;,,,Seasonally Adjusted,A84423058V,Feb-1978,Apr-2026,579,000,STOCK,Month,1,
> Unemployed looked for full-time work ;  > Females ;  Australia ;,,,Original,A84423100L,Feb-1978,Apr-2026,579,000,STOCK,Month,1,
> Unemployed looked for full-time work ;  > Females ;  > New South Wales ;,,,Original,A84423723J,Feb-1978,Apr-2026,579,000,STOCK,Month,1,
> Unemployed looked for full-time work ;  > Females ;  > Victoria ;,,,Original,A84423807T,Feb-1978,Apr-2026,579,000,STOCK,Month,1,
> Unemployed looked for full-time work ;  > Females ;  > Queensland ;,,,Original,A84423737W,Feb-1978,Apr-2026,579,000,STOCK,Month,1,
> Unemployed looked for full-time work ;  > Females ;  > South Australia ;,,,Original,A84423821L,Feb-1978,Apr-2026,579,000,STOCK,Month,1,
> Unemployed looked for full-time work ;  > Females ;  > Western Australia ;,,,Original,A84423779V,Feb-1978,Apr-2026,579,000,STOCK,Month,1,
> Unemployed looked for full-time work ;  > Females ;  > Tasmania ;,,,Original,A84423751T,Feb-1978,Apr-2026,579,000,STOCK,Month,1,
> Unemployed looked for full-time work ;  > Females ;  > Northern Territory ;,,,Original,A84423793R,Feb-1978,Apr-2026,579,000,STOCK,Month,1,
> Unemployed looked for full-time work ;  > Females ;  > Australian Capital Territory ;,,,Original,A84423765F,Feb-1978,Apr-2026,579,000,STOCK,Month,1,
> Unemployed looked for only part-time work ;  Persons ;  Australia ;,,,Trend,A84423129T,Feb-1978,Apr-2026,579,000,STOCK,Month,1,
> Unemployed looked for only part-time work ;  Persons ;  Australia ;,,,Seasonally Adjusted,A84423045J,Feb-1978,Apr-2026,579,000,STOCK,Month,1,
> Unemployed looked for only part-time work ;  Persons ;  Australia ;,,,Original,A84423087F,Feb-1978,Apr-2026,579,000,STOCK,Month,1,
> Unemployed looked for only part-time work ;  Persons ;  > New South Wales ;,,,Original,A84423612T,Feb-1978,Apr-2026,579,000,STOCK,Month,1,
> Unemployed looked for only part-time work ;  Persons ;  > Victoria ;,,,Original,A84423696L,Feb-1978,Apr-2026,579,000,STOCK,Month,1,
> Unemployed looked for only part-time work ;  Persons ;  > Queensland ;,,,Original,A84423626F,Feb-1978,Apr-2026,579,000,STOCK,Month,1,
> Unemployed looked for only part-time work ;  Persons ;  > South Australia ;,,,Original,A84423710W,Feb-1978,Apr-2026,579,000,STOCK,Month,1,
> Unemployed looked for only part-time work ;  Persons ;  > Western Australia ;,,,Original,A84423668C,Feb-1978,Apr-2026,579,000,STOCK,Month,1,
> Unemployed looked for only part-time work ;  Persons ;  > Tasmania ;,,,Original,A84423640A,Feb-1978,Apr-2026,579,000,STOCK,Month,1,
> Unemployed looked for only part-time work ;  Persons ;  > Northern Territory ;,,,Original,A84423682X,Feb-1978,Apr-2026,579,000,STOCK,Month,1,
> Unemployed looked for only part-time work ;  Persons ;  > Australian Capital Territory ;,,,Original,A84423654R,Feb-1978,Apr-2026,579,000,STOCK,Month,1,
> Unemployed looked for only part-time work ;  > Males ;  Australia ;,,,Trend,A84423115C,Feb-1978,Apr-2026,579,000,STOCK,Month,1,
> Unemployed looked for only part-time work ;  > Males ;  Australia ;,,,Seasonally Adjusted,A84423031V,Feb-1978,Apr-2026,579,000,STOCK,Month,1,
> Unemployed looked for only part-time work ;  > Males ;  Australia ;,,,Original,A84423073T,Feb-1978,Apr-2026,579,000,STOCK,Month,1,
> Unemployed looked for only part-time work ;  > Males ;  > New South Wales ;,,,Original,A84423500X,Feb-1978,Apr-2026,579,000,STOCK,Month,1,
> Unemployed looked for only part-time work ;  > Males ;  > Victoria ;,,,Original,A84423584V,Feb-1978,Apr-2026,579,000,STOCK,Month,1,
> Unemployed looked for only part-time work ;  > Males ;  > Queensland ;,,,Original,A84423514L,Feb-1978,Apr-2026,579,000,STOCK,Month,1,
> Unemployed looked for only part-time work ;  > Males ;  > South Australia ;,,,Original,A84423598J,Feb-1978,Apr-2026,579,000,STOCK,Month,1,
> Unemployed looked for only part-time work ;  > Males ;  > Western Australia ;,,,Original,A84423556K,Feb-1978,Apr-2026,579,000,STOCK,Month,1,
> Unemployed looked for only part-time work ;  > Males ;  > Tasmania ;,,,Original,A84423528A,Feb-1978,Apr-2026,579,000,STOCK,Month,1,
> Unemployed looked for only part-time work ;  > Males ;  > Northern Territory ;,,,Original,A84423570F,Feb-1978,Apr-2026,579,000,STOCK,Month,1,
> Unemployed looked for only part-time work ;  > Males ;  > Australian Capital Territory ;,,,Original,A84423542W,Feb-1978,Apr-2026,579,000,STOCK,Month,1,
> Unemployed looked for only part-time work ;  > Females ;  Australia ;,,,Trend,A84423143L,Feb-1978,Apr-2026,579,000,STOCK,Month,1,
> Unemployed looked for only part-time work ;  > Females ;  Australia ;,,,Seasonally Adjusted,A84423059W,Feb-1978,Apr-2026,579,000,STOCK,Month,1,
> Unemployed looked for only part-time work ;  > Females ;  Australia ;,,,Original,A84423101R,Feb-1978,Apr-2026,579,000,STOCK,Month,1,
> Unemployed looked for only part-time work ;  > Females ;  > New South Wales ;,,,Original,A84423724K,Feb-1978,Apr-2026,579,000,STOCK,Month,1,
> Unemployed looked for only part-time work ;  > Females ;  > Victoria ;,,,Original,A84423808V,Feb-1978,Apr-2026,579,000,STOCK,Month,1,
> Unemployed looked for only part-time work ;  > Females ;  > Queensland ;,,,Original,A84423738X,Feb-1978,Apr-2026,579,000,STOCK,Month,1,
> Unemployed looked for only part-time work ;  > Females ;  > South Australia ;,,,Original,A84423822R,Feb-1978,Apr-2026,579,000,STOCK,Month,1,
> Unemployed looked for only part-time work ;  > Females ;  > Western Australia ;,,,Original,A84423780C,Feb-1978,Apr-2026,579,000,STOCK,Month,1,
> Unemployed looked for only part-time work ;  > Females ;  > Tasmania ;,,,Original,A84423752V,Feb-1978,Apr-2026,579,000,STOCK,Month,1,
> Unemployed looked for only part-time work ;  > Females ;  > Northern Territory ;,,,Original,A84423794T,Feb-1978,Apr-2026,579,000,STOCK,Month,1,
> Unemployed looked for only part-time work ;  > Females ;  > Australian Capital Territory ;,,,Original,A84423766J,Feb-1978,Apr-2026,579,000,STOCK,Month,1,
Unemployment rate ;  Persons ;  Australia ;,,,Trend,A84423134K,Feb-1978,Apr-2026,579,Percent,PERCENT,Month,1,
Unemployment rate ;  Persons ;  Australia ;,,,Seasonally Adjusted,A84423050A,Feb-1978,Apr-2026,579,Percent,PERCENT,Month,1,
Unemployment rate ;  Persons ;  Australia ;,,,Original,A84423092X,Feb-1978,Apr-2026,579,Percent,PERCENT,Month,1,
Unemployment rate ;  Persons ;  > New South Wales ;,,,Trend,A84423942J,Feb-1978,Apr-2026,579,Percent,PERCENT,Month,1,
Unemployment rate ;  Persons ;  > New South Wales ;,,,Seasonally Adjusted,A84423270C,Feb-1978,Apr-2026,579,Percent,PERCENT,Month,1,
Unemployment rate ;  Persons ;  > New South Wales ;,,,Original,A84423606W,Feb-1978,Apr-2026,579,Percent,PERCENT,Month,1,
Unemployment rate ;  Persons ;  > Victoria ;,,,Trend,A84424026V,Feb-1978,Apr-2026,579,Percent,PERCENT,Month,1,
Unemployment rate ;  Persons ;  > Victoria ;,,,Seasonally Adjusted,A84423354L,Feb-1978,Apr-2026,579,Percent,PERCENT,Month,1,
Unemployment rate ;  Persons ;  > Victoria ;,,,Original,A84423690X,Feb-1978,Apr-2026,579,Percent,PERCENT,Month,1,
Unemployment rate ;  Persons ;  > Queensland ;,,,Trend,A84423956W,Feb-1978,Apr-2026,579,Percent,PERCENT,Month,1,
Unemployment rate ;  Persons ;  > Queensland ;,,,Seasonally Adjusted,A84423284T,Feb-1978,Apr-2026,579,Percent,PERCENT,Month,1,
Unemployment rate ;  Persons ;  > Queensland ;,,,Original,A84423620T,Feb-1978,Apr-2026,579,Percent,PERCENT,Month,1,
Unemployment rate ;  Persons ;  > South Australia ;,,,Trend,A84424040R,Feb-1978,Apr-2026,579,Percent,PERCENT,Month,1,
Unemployment rate ;  Persons ;  > South Australia ;,,,Seasonally Adjusted,A84423368A,Feb-1978,Apr-2026,579,Percent,PERCENT,Month,1,
Unemployment rate ;  Persons ;  > South Australia ;,,,Original,A84423704A,Feb-1978,Apr-2026,579,Percent,PERCENT,Month,1,
Unemployment rate ;  Persons ;  > Western Australia ;,,,Trend,A84423998V,Feb-1978,Apr-2026,579,Percent,PERCENT,Month,1,
Unemployment rate ;  Persons ;  > Western Australia ;,,,Seasonally Adjusted,A84423326C,Feb-1978,Apr-2026,579,Percent,PERCENT,Month,1,
Unemployment rate ;  Persons ;  > Western Australia ;,,,Original,A84423662R,Feb-1978,Apr-2026,579,Percent,PERCENT,Month,1,
Unemployment rate ;  Persons ;  > Tasmania ;,,,Trend,A84423970T,Feb-1978,Apr-2026,579,Percent,PERCENT,Month,1,
Unemployment rate ;  Persons ;  > Tasmania ;,,,Seasonally Adjusted,A84423298F,Feb-1978,Apr-2026,579,Percent,PERCENT,Month,1,
Unemployment rate ;  Persons ;  > Tasmania ;,,,Original,A84423634F,Feb-1978,Apr-2026,579,Percent,PERCENT,Month,1,
Unemployment rate ;  Persons ;  > Northern Territory ;,,,Trend,A84424012F,Feb-1978,Apr-2026,579,Percent,PERCENT,Month,1,
Unemployment rate ;  Persons ;  > Northern Territory ;,,,Original,A84423676C,Feb-1978,Apr-2026,579,Percent,PERCENT,Month,1,
Unemployment rate ;  Persons ;  > Australian Capital Territory ;,,,Trend,A84423984F,Feb-1978,Apr-2026,579,Percent,PERCENT,Month,1,
Unemployment rate ;  Persons ;  > Australian Capital Territory ;,,,Original,A84423648V,Feb-1978,Apr-2026,579,Percent,PERCENT,Month,1,
Unemployment rate ;  > Males ;  Australia ;,,,Trend,A84423120W,Feb-1978,Apr-2026,579,Percent,PERCENT,Month,1,
Unemployment rate ;  > Males ;  Australia ;,,,Seasonally Adjusted,A84423036F,Feb-1978,Apr-2026,579,Percent,PERCENT,Month,1,
Unemployment rate ;  > Males ;  Australia ;,,,Original,A84423078C,Feb-1978,Apr-2026,579,Percent,PERCENT,Month,1,
Unemployment rate ;  > Males ;  > New South Wales ;,,,Trend,A84423830R,Feb-1978,Apr-2026,579,Percent,PERCENT,Month,1,
Unemployment rate ;  > Males ;  > New South Wales ;,,,Seasonally Adjusted,A84423158C,Feb-1978,Apr-2026,579,Percent,PERCENT,Month,1,
Unemployment rate ;  > Males ;  > New South Wales ;,,,Original,A84423494R,Feb-1978,Apr-2026,579,Percent,PERCENT,Month,1,
Unemployment rate ;  > Males ;  > Victoria ;,,,Trend,A84423914X,Feb-1978,Apr-2026,579,Percent,PERCENT,Month,1,
Unemployment rate ;  > Males ;  > Victoria ;,,,Seasonally Adjusted,A84423242V,Feb-1978,Apr-2026,579,Percent,PERCENT,Month,1,
Unemployment rate ;  > Males ;  > Victoria ;,,,Original,A84423578X,Feb-1978,Apr-2026,579,Percent,PERCENT,Month,1,
Unemployment rate ;  > Males ;  > Queensland ;,,,Trend,A84423844C,Feb-1978,Apr-2026,579,Percent,PERCENT,Month,1,
Unemployment rate ;  > Males ;  > Queensland ;,,,Seasonally Adjusted,A84423172X,Feb-1978,Apr-2026,579,Percent,PERCENT,Month,1,
Unemployment rate ;  > Males ;  > Queensland ;,,,Original,A84423508T,Feb-1978,Apr-2026,579,Percent,PERCENT,Month,1,
Unemployment rate ;  > Males ;  > South Australia ;,,,Trend,A84423928L,Feb-1978,Apr-2026,579,Percent,PERCENT,Month,1,
Unemployment rate ;  > Males ;  > South Australia ;,,,Seasonally Adjusted,A84423256J,Feb-1978,Apr-2026,579,Percent,PERCENT,Month,1,
Unemployment rate ;  > Males ;  > South Australia ;,,,Original,A84423592V,Feb-1978,Apr-2026,579,Percent,PERCENT,Month,1,
Unemployment rate ;  > Males ;  > Western Australia ;,,,Trend,A84423886A,Feb-1978,Apr-2026,579,Percent,PERCENT,Month,1,
Unemployment rate ;  > Males ;  > Western Australia ;,,,Seasonally Adjusted,A84423214K,Feb-1978,Apr-2026,579,Percent,PERCENT,Month,1,
Unemployment rate ;  > Males ;  > Western Australia ;,,,Original,A84423550W,Feb-1978,Apr-2026,579,Percent,PERCENT,Month,1,
Unemployment rate ;  > Males ;  > Tasmania ;,,,Trend,A84423858T,Feb-1978,Apr-2026,579,Percent,PERCENT,Month,1,
Unemployment rate ;  > Males ;  > Tasmania ;,,,Seasonally Adjusted,A84423186L,Feb-1978,Apr-2026,579,Percent,PERCENT,Month,1,
Unemployment rate ;  > Males ;  > Tasmania ;,,,Original,A84423522L,Feb-1978,Apr-2026,579,Percent,PERCENT,Month,1,
Unemployment rate ;  > Males ;  > Northern Territory ;,,,Trend,A84423900K,Feb-1978,Apr-2026,579,Percent,PERCENT,Month,1,
Unemployment rate ;  > Males ;  > Northern Territory ;,,,Original,A84423564K,Feb-1978,Apr-2026,579,Percent,PERCENT,Month,1,
Unemployment rate ;  > Males ;  > Australian Capital Territory ;,,,Trend,A84423872L,Feb-1978,Apr-2026,579,Percent,PERCENT,Month,1,
Unemployment rate ;  > Males ;  > Australian Capital Territory ;,,,Original,A84423536A,Feb-1978,Apr-2026,579,Percent,PERCENT,Month,1,
Unemployment rate ;  > Females ;  Australia ;,,,Trend,A84423148X,Feb-1978,Apr-2026,579,Percent,PERCENT,Month,1,
Unemployment rate ;  > Females ;  Australia ;,,,Seasonally Adjusted,A84423064R,Feb-1978,Apr-2026,579,Percent,PERCENT,Month,1,
Unemployment rate ;  > Females ;  Australia ;,,,Original,A84423106A,Feb-1978,Apr-2026,579,Percent,PERCENT,Month,1,
Unemployment rate ;  > Females ;  > New South Wales ;,,,Trend,A84424054C,Feb-1978,Apr-2026,579,Percent,PERCENT,Month,1,
Unemployment rate ;  > Females ;  > New South Wales ;,,,Seasonally Adjusted,A84423382W,Feb-1978,Apr-2026,579,Percent,PERCENT,Month,1,
Unemployment rate ;  > Females ;  > New South Wales ;,,,Original,A84423718R,Feb-1978,Apr-2026,579,Percent,PERCENT,Month,1,
Unemployment rate ;  > Females ;  > Victoria ;,,,Trend,A84424138L,Feb-1978,Apr-2026,579,Percent,PERCENT,Month,1,
Unemployment rate ;  > Females ;  > Victoria ;,,,Seasonally Adjusted,A84423466F,Feb-1978,Apr-2026,579,Percent,PERCENT,Month,1,
Unemployment rate ;  > Females ;  > Victoria ;,,,Original,A84423802F,Feb-1978,Apr-2026,579,Percent,PERCENT,Month,1,
Unemployment rate ;  > Females ;  > Queensland ;,,,Trend,A84424068T,Feb-1978,Apr-2026,579,Percent,PERCENT,Month,1,
Unemployment rate ;  > Females ;  > Queensland ;,,,Seasonally Adjusted,A84423396K,Feb-1978,Apr-2026,579,Percent,PERCENT,Month,1,
Unemployment rate ;  > Females ;  > Queensland ;,,,Original,A84423732K,Feb-1978,Apr-2026,579,Percent,PERCENT,Month,1,
Unemployment rate ;  > Females ;  > South Australia ;,,,Trend,A84424152J,Feb-1978,Apr-2026,579,Percent,PERCENT,Month,1,
Unemployment rate ;  > Females ;  > South Australia ;,,,Seasonally Adjusted,A84423480A,Feb-1978,Apr-2026,579,Percent,PERCENT,Month,1,
Unemployment rate ;  > Females ;  > South Australia ;,,,Original,A84423816V,Feb-1978,Apr-2026,579,Percent,PERCENT,Month,1,
Unemployment rate ;  > Females ;  > Western Australia ;,,,Trend,A84424110K,Feb-1978,Apr-2026,579,Percent,PERCENT,Month,1,
Unemployment rate ;  > Females ;  > Western Australia ;,,,Seasonally Adjusted,A84423438W,Feb-1978,Apr-2026,579,Percent,PERCENT,Month,1,
Unemployment rate ;  > Females ;  > Western Australia ;,,,Original,A84423774J,Feb-1978,Apr-2026,579,Percent,PERCENT,Month,1,
Unemployment rate ;  > Females ;  > Tasmania ;,,,Trend,A84424082L,Feb-1978,Apr-2026,579,Percent,PERCENT,Month,1,
Unemployment rate ;  > Females ;  > Tasmania ;,,,Seasonally Adjusted,A84423410V,Feb-1978,Apr-2026,579,Percent,PERCENT,Month,1,
Unemployment rate ;  > Females ;  > Tasmania ;,,,Original,A84423746X,Feb-1978,Apr-2026,579,Percent,PERCENT,Month,1,
Unemployment rate ;  > Females ;  > Northern Territory ;,,,Trend,A84424124X,Feb-1978,Apr-2026,579,Percent,PERCENT,Month,1,
Unemployment rate ;  > Females ;  > Northern Territory ;,,,Original,A84423788W,Feb-1978,Apr-2026,579,Percent,PERCENT,Month,1,
Unemployment rate ;  > Females ;  > Australian Capital Territory ;,,,Trend,A84424096A,Feb-1978,Apr-2026,579,Percent,PERCENT,Month,1,
Unemployment rate ;  > Females ;  > Australian Capital Territory ;,,,Original,A84423760V,Feb-1978,Apr-2026,579,Percent,PERCENT,Month,1,
> Unemployment rate looked for full-time work ;  Persons ;  Australia ;,,,Trend,A84423136R,Feb-1978,Apr-2026,579,Percent,PERCENT,Month,1,
> Unemployment rate looked for full-time work ;  Persons ;  Australia ;,,,Seasonally Adjusted,A84423052F,Feb-1978,Apr-2026,579,Percent,PERCENT,Month,1,
> Unemployment rate looked for full-time work ;  Persons ;  Australia ;,,,Original,A84423094C,Feb-1978,Apr-2026,579,Percent,PERCENT,Month,1,
> Unemployment rate looked for full-time work ;  Persons ;  > New South Wales ;,,,Original,A84423613V,Feb-1978,Apr-2026,579,Percent,PERCENT,Month,1,
> Unemployment rate looked for full-time work ;  Persons ;  > Victoria ;,,,Original,A84423697R,Feb-1978,Apr-2026,579,Percent,PERCENT,Month,1,
> Unemployment rate looked for full-time work ;  Persons ;  > Queensland ;,,,Original,A84423627J,Feb-1978,Apr-2026,579,Percent,PERCENT,Month,1,
> Unemployment rate looked for full-time work ;  Persons ;  > South Australia ;,,,Original,A84423711X,Feb-1978,Apr-2026,579,Percent,PERCENT,Month,1,
> Unemployment rate looked for full-time work ;  Persons ;  > Western Australia ;,,,Original,A84423669F,Feb-1978,Apr-2026,579,Percent,PERCENT,Month,1,
> Unemployment rate looked for full-time work ;  Persons ;  > Tasmania ;,,,Original,A84423641C,Feb-1978,Apr-2026,579,Percent,PERCENT,Month,1,
> Unemployment rate looked for full-time work ;  Persons ;  > Northern Territory ;,,,Original,A84423683A,Feb-1978,Apr-2026,579,Percent,PERCENT,Month,1,
> Unemployment rate looked for full-time work ;  Persons ;  > Australian Capital Territory ;,,,Original,A84423655T,Feb-1978,Apr-2026,579,Percent,PERCENT,Month,1,
> Unemployment rate looked for full-time work ;  > Males ;  Australia ;,,,Trend,A84423122A,Feb-1978,Apr-2026,579,Percent,PERCENT,Month,1,
> Unemployment rate looked for full-time work ;  > Males ;  Australia ;,,,Seasonally Adjusted,A84423038K,Feb-1978,Apr-2026,579,Percent,PERCENT,Month,1,
> Unemployment rate looked for full-time work ;  > Males ;  Australia ;,,,Original,A84423080R,Feb-1978,Apr-2026,579,Percent,PERCENT,Month,1,
> Unemployment rate looked for full-time work ;  > Males ;  > New South Wales ;,,,Original,A84423501A,Feb-1978,Apr-2026,579,Percent,PERCENT,Month,1,
> Unemployment rate looked for full-time work ;  > Males ;  > Victoria ;,,,Original,A84423585W,Feb-1978,Apr-2026,579,Percent,PERCENT,Month,1,
> Unemployment rate looked for full-time work ;  > Males ;  > Queensland ;,,,Original,A84423515R,Feb-1978,Apr-2026,579,Percent,PERCENT,Month,1,
> Unemployment rate looked for full-time work ;  > Males ;  > South Australia ;,,,Original,A84423599K,Feb-1978,Apr-2026,579,Percent,PERCENT,Month,1,
> Unemployment rate looked for full-time work ;  > Males ;  > Western Australia ;,,,Original,A84423557L,Feb-1978,Apr-2026,579,Percent,PERCENT,Month,1,
> Unemployment rate looked for full-time work ;  > Males ;  > Tasmania ;,,,Original,A84423529C,Feb-1978,Apr-2026,579,Percent,PERCENT,Month,1,
> Unemployment rate looked for full-time work ;  > Males ;  > Northern Territory ;,,,Original,A84423571J,Feb-1978,Apr-2026,579,Percent,PERCENT,Month,1,
> Unemployment rate looked for full-time work ;  > Males ;  > Australian Capital Territory ;,,,Original,A84423543X,Feb-1978,Apr-2026,579,Percent,PERCENT,Month,1,
> Unemployment rate looked for full-time work ;  > Females ;  Australia ;,,,Trend,A84423150K,Feb-1978,Apr-2026,579,Percent,PERCENT,Month,1,
> Unemployment rate looked for full-time work ;  > Females ;  Australia ;,,,Seasonally Adjusted,A84423066V,Feb-1978,Apr-2026,579,Percent,PERCENT,Month,1,
> Unemployment rate looked for full-time work ;  > Females ;  Australia ;,,,Original,A84423108F,Feb-1978,Apr-2026,579,Percent,PERCENT,Month,1,
> Unemployment rate looked for full-time work ;  > Females ;  > New South Wales ;,,,Original,A84423725L,Feb-1978,Apr-2026,579,Percent,PERCENT,Month,1,
> Unemployment rate looked for full-time work ;  > Females ;  > Victoria ;,,,Original,A84423809W,Feb-1978,Apr-2026,579,Percent,PERCENT,Month,1,
> Unemployment rate looked for full-time work ;  > Females ;  > Queensland ;,,,Original,A84423739A,Feb-1978,Apr-2026,579,Percent,PERCENT,Month,1,
> Unemployment rate looked for full-time work ;  > Females ;  > South Australia ;,,,Original,A84423823T,Feb-1978,Apr-2026,579,Percent,PERCENT,Month,1,
> Unemployment rate looked for full-time work ;  > Females ;  > Western Australia ;,,,Original,A84423781F,Feb-1978,Apr-2026,579,Percent,PERCENT,Month,1,
> Unemployment rate looked for full-time work ;  > Females ;  > Tasmania ;,,,Original,A84423753W,Feb-1978,Apr-2026,579,Percent,PERCENT,Month,1,
> Unemployment rate looked for full-time work ;  > Females ;  > Northern Territory ;,,,Original,A84423795V,Feb-1978,Apr-2026,579,Percent,PERCENT,Month,1,
> Unemployment rate looked for full-time work ;  > Females ;  > Australian Capital Territory ;,,,Original,A84423767K,Feb-1978,Apr-2026,579,Percent,PERCENT,Month,1,
> Unemployment rate looked for only part-time work ;  Persons ;  Australia ;,,,Trend,A84423137T,Feb-1978,Apr-2026,579,Percent,PERCENT,Month,1,
> Unemployment rate looked for only part-time work ;  Persons ;  Australia ;,,,Seasonally Adjusted,A84423053J,Feb-1978,Apr-2026,579,Percent,PERCENT,Month,1,
> Unemployment rate looked for only part-time work ;  Persons ;  Australia ;,,,Original,A84423095F,Feb-1978,Apr-2026,579,Percent,PERCENT,Month,1,
> Unemployment rate looked for only part-time work ;  Persons ;  > New South Wales ;,,,Original,A84423614W,Feb-1978,Apr-2026,579,Percent,PERCENT,Month,1,
> Unemployment rate looked for only part-time work ;  Persons ;  > Victoria ;,,,Original,A84423698T,Feb-1978,Apr-2026,579,Percent,PERCENT,Month,1,
> Unemployment rate looked for only part-time work ;  Persons ;  > Queensland ;,,,Original,A84423628K,Feb-1978,Apr-2026,579,Percent,PERCENT,Month,1,
> Unemployment rate looked for only part-time work ;  Persons ;  > South Australia ;,,,Original,A84423712A,Feb-1978,Apr-2026,579,Percent,PERCENT,Month,1,
> Unemployment rate looked for only part-time work ;  Persons ;  > Western Australia ;,,,Original,A84423670R,Feb-1978,Apr-2026,579,Percent,PERCENT,Month,1,
> Unemployment rate looked for only part-time work ;  Persons ;  > Tasmania ;,,,Original,A84423642F,Feb-1978,Apr-2026,579,Percent,PERCENT,Month,1,
> Unemployment rate looked for only part-time work ;  Persons ;  > Northern Territory ;,,,Original,A84423684C,Feb-1978,Apr-2026,579,Percent,PERCENT,Month,1,
> Unemployment rate looked for only part-time work ;  Persons ;  > Australian Capital Territory ;,,,Original,A84423656V,Feb-1978,Apr-2026,579,Percent,PERCENT,Month,1,
> Unemployment rate looked for only part-time work ;  > Males ;  Australia ;,,,Trend,A84423123C,Feb-1978,Apr-2026,579,Percent,PERCENT,Month,1,
> Unemployment rate looked for only part-time work ;  > Males ;  Australia ;,,,Seasonally Adjusted,A84423039L,Feb-1978,Apr-2026,579,Percent,PERCENT,Month,1,
> Unemployment rate looked for only part-time work ;  > Males ;  Australia ;,,,Original,A84423081T,Feb-1978,Apr-2026,579,Percent,PERCENT,Month,1,
> Unemployment rate looked for only part-time work ;  > Males ;  > New South Wales ;,,,Original,A84423502C,Feb-1978,Apr-2026,579,Percent,PERCENT,Month,1,
> Unemployment rate looked for only part-time work ;  > Males ;  > Victoria ;,,,Original,A84423586X,Feb-1978,Apr-2026,579,Percent,PERCENT,Month,1,
> Unemployment rate looked for only part-time work ;  > Males ;  > Queensland ;,,,Original,A84423516T,Feb-1978,Apr-2026,579,Percent,PERCENT,Month,1,
> Unemployment rate looked for only part-time work ;  > Males ;  > South Australia ;,,,Original,A84423600J,Feb-1978,Apr-2026,579,Percent,PERCENT,Month,1,
> Unemployment rate looked for only part-time work ;  > Males ;  > Western Australia ;,,,Original,A84423558R,Feb-1978,Apr-2026,579,Percent,PERCENT,Month,1,
> Unemployment rate looked for only part-time work ;  > Males ;  > Tasmania ;,,,Original,A84423530L,Feb-1978,Apr-2026,579,Percent,PERCENT,Month,1,
> Unemployment rate looked for only part-time work ;  > Males ;  > Northern Territory ;,,,Original,A84423572K,Feb-1978,Apr-2026,579,Percent,PERCENT,Month,1,
> Unemployment rate looked for only part-time work ;  > Males ;  > Australian Capital Territory ;,,,Original,A84423544A,Feb-1978,Apr-2026,579,Percent,PERCENT,Month,1,
> Unemployment rate looked for only part-time work ;  > Females ;  Australia ;,,,Trend,A84423151L,Feb-1978,Apr-2026,579,Percent,PERCENT,Month,1,
> Unemployment rate looked for only part-time work ;  > Females ;  Australia ;,,,Seasonally Adjusted,A84423067W,Feb-1978,Apr-2026,579,Percent,PERCENT,Month,1,
> Unemployment rate looked for only part-time work ;  > Females ;  Australia ;,,,Original,A84423109J,Feb-1978,Apr-2026,579,Percent,PERCENT,Month,1,
> Unemployment rate looked for only part-time work ;  > Females ;  > New South Wales ;,,,Original,A84423726R,Feb-1978,Apr-2026,579,Percent,PERCENT,Month,1,
> Unemployment rate looked for only part-time work ;  > Females ;  > Victoria ;,,,Original,A84423810F,Feb-1978,Apr-2026,579,Percent,PERCENT,Month,1,
> Unemployment rate looked for only part-time work ;  > Females ;  > Queensland ;,,,Original,A84423740K,Feb-1978,Apr-2026,579,Percent,PERCENT,Month,1,
> Unemployment rate looked for only part-time work ;  > Females ;  > South Australia ;,,,Original,A84423824V,Feb-1978,Apr-2026,579,Percent,PERCENT,Month,1,
> Unemployment rate looked for only part-time work ;  > Females ;  > Western Australia ;,,,Original,A84423782J,Feb-1978,Apr-2026,579,Percent,PERCENT,Month,1,
> Unemployment rate looked for only part-time work ;  > Females ;  > Tasmania ;,,,Original,A84423754X,Feb-1978,Apr-2026,579,Percent,PERCENT,Month,1,
> Unemployment rate looked for only part-time work ;  > Females ;  > Northern Territory ;,,,Original,A84423796W,Feb-1978,Apr-2026,579,Percent,PERCENT,Month,1,
> Unemployment rate looked for only part-time work ;  > Females ;  > Australian Capital Territory ;,,,Original,A84423768L,Feb-1978,Apr-2026,579,Percent,PERCENT,Month,1,
Labour force total ;  Persons ;  Australia ;,,,Trend,A84423131C,Feb-1978,Apr-2026,579,000,STOCK,Month,1,
Labour force total ;  Persons ;  Australia ;,,,Seasonally Adjusted,A84423047L,Feb-1978,Apr-2026,579,000,STOCK,Month,1,
Labour force total ;  Persons ;  Australia ;,,,Original,A84423089K,Feb-1978,Apr-2026,579,000,STOCK,Month,1,
Labour force total ;  Persons ;  > New South Wales ;,,,Trend,A84423939V,Feb-1978,Apr-2026,579,000,STOCK,Month,1,
Labour force total ;  Persons ;  > New South Wales ;,,,Seasonally Adjusted,A84423267R,Feb-1978,Apr-2026,579,000,STOCK,Month,1,
Labour force total ;  Persons ;  > New South Wales ;,,,Original,A84423603R,Feb-1978,Apr-2026,579,000,STOCK,Month,1,
Labour force total ;  Persons ;  > Victoria ;,,,Trend,A84424023L,Feb-1978,Apr-2026,579,000,STOCK,Month,1,
Labour force total ;  Persons ;  > Victoria ;,,,Seasonally Adjusted,A84423351F,Feb-1978,Apr-2026,579,000,STOCK,Month,1,
Labour force total ;  Persons ;  > Victoria ;,,,Original,A84423687K,Feb-1978,Apr-2026,579,000,STOCK,Month,1,
Labour force total ;  Persons ;  > Queensland ;,,,Trend,A84423953R,Feb-1978,Apr-2026,579,000,STOCK,Month,1,
Labour force total ;  Persons ;  > Queensland ;,,,Seasonally Adjusted,A84423281K,Feb-1978,Apr-2026,579,000,STOCK,Month,1,
Labour force total ;  Persons ;  > Queensland ;,,,Original,A84423617C,Feb-1978,Apr-2026,579,000,STOCK,Month,1,
Labour force total ;  Persons ;  > South Australia ;,,,Trend,A84424037A,Feb-1978,Apr-2026,579,000,STOCK,Month,1,
Labour force total ;  Persons ;  > South Australia ;,,,Seasonally Adjusted,A84423365V,Feb-1978,Apr-2026,579,000,STOCK,Month,1,
Labour force total ;  Persons ;  > South Australia ;,,,Original,A84423701V,Feb-1978,Apr-2026,579,000,STOCK,Month,1,
Labour force total ;  Persons ;  > Western Australia ;,,,Trend,A84423995L,Feb-1978,Apr-2026,579,000,STOCK,Month,1,
Labour force total ;  Persons ;  > Western Australia ;,,,Seasonally Adjusted,A84423323W,Feb-1978,Apr-2026,579,000,STOCK,Month,1,
Labour force total ;  Persons ;  > Western Australia ;,,,Original,A84423659A,Feb-1978,Apr-2026,579,000,STOCK,Month,1,
Labour force total ;  Persons ;  > Tasmania ;,,,Trend,A84423967C,Feb-1978,Apr-2026,579,000,STOCK,Month,1,
Labour force total ;  Persons ;  > Tasmania ;,,,Seasonally Adjusted,A84423295X,Feb-1978,Apr-2026,579,000,STOCK,Month,1,
Labour force total ;  Persons ;  > Tasmania ;,,,Original,A84423631X,Feb-1978,Apr-2026,579,000,STOCK,Month,1,
Labour force total ;  Persons ;  > Northern Territory ;,,,Trend,A84424009T,Feb-1978,Apr-2026,579,000,STOCK,Month,1,
Labour force total ;  Persons ;  > Northern Territory ;,,,Original,A84423673W,Feb-1978,Apr-2026,579,000,STOCK,Month,1,
Labour force total ;  Persons ;  > Australian Capital Territory ;,,,Trend,A84423981X,Feb-1978,Apr-2026,579,000,STOCK,Month,1,
Labour force total ;  Persons ;  > Australian Capital Territory ;,,,Original,A84423645L,Feb-1978,Apr-2026,579,000,STOCK,Month,1,
Labour force total ;  > Males ;  Australia ;,,,Trend,A84423117J,Feb-1978,Apr-2026,579,000,STOCK,Month,1,
Labour force total ;  > Males ;  Australia ;,,,Seasonally Adjusted,A84423033X,Feb-1978,Apr-2026,579,000,STOCK,Month,1,
Labour force total ;  > Males ;  Australia ;,,,Original,A84423075W,Feb-1978,Apr-2026,579,000,STOCK,Month,1,
Labour force total ;  > Males ;  > New South Wales ;,,,Trend,A84423827A,Feb-1978,Apr-2026,579,000,STOCK,Month,1,
Labour force total ;  > Males ;  > New South Wales ;,,,Seasonally Adjusted,A84423155W,Feb-1978,Apr-2026,579,000,STOCK,Month,1,
Labour force total ;  > Males ;  > New South Wales ;,,,Original,A84423491J,Feb-1978,Apr-2026,579,000,STOCK,Month,1,
Labour force total ;  > Males ;  > Victoria ;,,,Trend,A84423911T,Feb-1978,Apr-2026,579,000,STOCK,Month,1,
Labour force total ;  > Males ;  > Victoria ;,,,Seasonally Adjusted,A84423239F,Feb-1978,Apr-2026,579,000,STOCK,Month,1,
Labour force total ;  > Males ;  > Victoria ;,,,Original,A84423575T,Feb-1978,Apr-2026,579,000,STOCK,Month,1,
Labour force total ;  > Males ;  > Queensland ;,,,Trend,A84423841W,Feb-1978,Apr-2026,579,000,STOCK,Month,1,
Labour force total ;  > Males ;  > Queensland ;,,,Seasonally Adjusted,A84423169K,Feb-1978,Apr-2026,579,000,STOCK,Month,1,
Labour force total ;  > Males ;  > Queensland ;,,,Original,A84423505K,Feb-1978,Apr-2026,579,000,STOCK,Month,1,
Labour force total ;  > Males ;  > South Australia ;,,,Trend,A84423925F,Feb-1978,Apr-2026,579,000,STOCK,Month,1,
Labour force total ;  > Males ;  > South Australia ;,,,Seasonally Adjusted,A84423253A,Feb-1978,Apr-2026,579,000,STOCK,Month,1,
Labour force total ;  > Males ;  > South Australia ;,,,Original,A84423589F,Feb-1978,Apr-2026,579,000,STOCK,Month,1,
Labour force total ;  > Males ;  > Western Australia ;,,,Trend,A84423883V,Feb-1978,Apr-2026,579,000,STOCK,Month,1,
Labour force total ;  > Males ;  > Western Australia ;,,,Seasonally Adjusted,A84423211C,Feb-1978,Apr-2026,579,000,STOCK,Month,1,
Labour force total ;  > Males ;  > Western Australia ;,,,Original,A84423547J,Feb-1978,Apr-2026,579,000,STOCK,Month,1,
Labour force total ;  > Males ;  > Tasmania ;,,,Trend,A84423855K,Feb-1978,Apr-2026,579,000,STOCK,Month,1,
Labour force total ;  > Males ;  > Tasmania ;,,,Seasonally Adjusted,A84423183F,Feb-1978,Apr-2026,579,000,STOCK,Month,1,
Labour force total ;  > Males ;  > Tasmania ;,,,Original,A84423519X,Feb-1978,Apr-2026,579,000,STOCK,Month,1,
Labour force total ;  > Males ;  > Northern Territory ;,,,Trend,A84423897J,Feb-1978,Apr-2026,579,000,STOCK,Month,1,
Labour force total ;  > Males ;  > Northern Territory ;,,,Original,A84423561C,Feb-1978,Apr-2026,579,000,STOCK,Month,1,
Labour force total ;  > Males ;  > Australian Capital Territory ;,,,Trend,A84423869X,Feb-1978,Apr-2026,579,000,STOCK,Month,1,
Labour force total ;  > Males ;  > Australian Capital Territory ;,,,Original,A84423533V,Feb-1978,Apr-2026,579,000,STOCK,Month,1,
Labour force total ;  > Females ;  Australia ;,,,Trend,A84423145T,Feb-1978,Apr-2026,579,000,STOCK,Month,1,
Labour force total ;  > Females ;  Australia ;,,,Seasonally Adjusted,A84423061J,Feb-1978,Apr-2026,579,000,STOCK,Month,1,
Labour force total ;  > Females ;  Australia ;,,,Original,A84423103V,Feb-1978,Apr-2026,579,000,STOCK,Month,1,
Labour force total ;  > Females ;  > New South Wales ;,,,Trend,A84424051W,Feb-1978,Apr-2026,579,000,STOCK,Month,1,
Labour force total ;  > Females ;  > New South Wales ;,,,Seasonally Adjusted,A84423379J,Feb-1978,Apr-2026,579,000,STOCK,Month,1,
Labour force total ;  > Females ;  > New South Wales ;,,,Original,A84423715J,Feb-1978,Apr-2026,579,000,STOCK,Month,1,
Labour force total ;  > Females ;  > Victoria ;,,,Trend,A84424135F,Feb-1978,Apr-2026,579,000,STOCK,Month,1,
Labour force total ;  > Females ;  > Victoria ;,,,Seasonally Adjusted,A84423463X,Feb-1978,Apr-2026,579,000,STOCK,Month,1,
Labour force total ;  > Females ;  > Victoria ;,,,Original,A84423799C,Feb-1978,Apr-2026,579,000,STOCK,Month,1,
Labour force total ;  > Females ;  > Queensland ;,,,Trend,A84424065K,Feb-1978,Apr-2026,579,000,STOCK,Month,1,
Labour force total ;  > Females ;  > Queensland ;,,,Seasonally Adjusted,A84423393C,Feb-1978,Apr-2026,579,000,STOCK,Month,1,
Labour force total ;  > Females ;  > Queensland ;,,,Original,A84423729W,Feb-1978,Apr-2026,579,000,STOCK,Month,1,
Labour force total ;  > Females ;  > South Australia ;,,,Trend,A84424149V,Feb-1978,Apr-2026,579,000,STOCK,Month,1,
Labour force total ;  > Females ;  > South Australia ;,,,Seasonally Adjusted,A84423477L,Feb-1978,Apr-2026,579,000,STOCK,Month,1,
Labour force total ;  > Females ;  > South Australia ;,,,Original,A84423813L,Feb-1978,Apr-2026,579,000,STOCK,Month,1,
Labour force total ;  > Females ;  > Western Australia ;,,,Trend,A84424107W,Feb-1978,Apr-2026,579,000,STOCK,Month,1,
Labour force total ;  > Females ;  > Western Australia ;,,,Seasonally Adjusted,A84423435R,Feb-1978,Apr-2026,579,000,STOCK,Month,1,
Labour force total ;  > Females ;  > Western Australia ;,,,Original,A84423771A,Feb-1978,Apr-2026,579,000,STOCK,Month,1,
Labour force total ;  > Females ;  > Tasmania ;,,,Trend,A84424079X,Feb-1978,Apr-2026,579,000,STOCK,Month,1,
Labour force total ;  > Females ;  > Tasmania ;,,,Seasonally Adjusted,A84423407F,Feb-1978,Apr-2026,579,000,STOCK,Month,1,
Labour force total ;  > Females ;  > Tasmania ;,,,Original,A84423743T,Feb-1978,Apr-2026,579,000,STOCK,Month,1,
Labour force total ;  > Females ;  > Northern Territory ;,,,Trend,A84424121T,Feb-1978,Apr-2026,579,000,STOCK,Month,1,
Labour force total ;  > Females ;  > Northern Territory ;,,,Original,A84423785R,Feb-1978,Apr-2026,579,000,STOCK,Month,1,
Labour force total ;  > Females ;  > Australian Capital Territory ;,,,Trend,A84424093V,Feb-1978,Apr-2026,579,000,STOCK,Month,1,
Labour force total ;  > Females ;  > Australian Capital Territory ;,,,Original,A84423757F,Feb-1978,Apr-2026,579,000,STOCK,Month,1,
Participation rate ;  Persons ;  Australia ;,,,Trend,A84423135L,Feb-1978,Apr-2026,579,Percent,PERCENT,Month,1,
Participation rate ;  Persons ;  Australia ;,,,Seasonally Adjusted,A84423051C,Feb-1978,Apr-2026,579,Percent,PERCENT,Month,1,
Participation rate ;  Persons ;  Australia ;,,,Original,A84423093A,Feb-1978,Apr-2026,579,Percent,PERCENT,Month,1,
Participation rate ;  Persons ;  > New South Wales ;,,,Trend,A84423943K,Feb-1978,Apr-2026,579,Percent,PERCENT,Month,1,
Participation rate ;  Persons ;  > New South Wales ;,,,Seasonally Adjusted,A84423271F,Feb-1978,Apr-2026,579,Percent,PERCENT,Month,1,
Participation rate ;  Persons ;  > New South Wales ;,,,Original,A84423607X,Feb-1978,Apr-2026,579,Percent,PERCENT,Month,1,
Participation rate ;  Persons ;  > Victoria ;,,,Trend,A84424027W,Feb-1978,Apr-2026,579,Percent,PERCENT,Month,1,
Participation rate ;  Persons ;  > Victoria ;,,,Seasonally Adjusted,A84423355R,Feb-1978,Apr-2026,579,Percent,PERCENT,Month,1,
Participation rate ;  Persons ;  > Victoria ;,,,Original,A84423691A,Feb-1978,Apr-2026,579,Percent,PERCENT,Month,1,
Participation rate ;  Persons ;  > Queensland ;,,,Trend,A84423957X,Feb-1978,Apr-2026,579,Percent,PERCENT,Month,1,
Participation rate ;  Persons ;  > Queensland ;,,,Seasonally Adjusted,A84423285V,Feb-1978,Apr-2026,579,Percent,PERCENT,Month,1,
Participation rate ;  Persons ;  > Queensland ;,,,Original,A84423621V,Feb-1978,Apr-2026,579,Percent,PERCENT,Month,1,
Participation rate ;  Persons ;  > South Australia ;,,,Trend,A84424041T,Feb-1978,Apr-2026,579,Percent,PERCENT,Month,1,
Participation rate ;  Persons ;  > South Australia ;,,,Seasonally Adjusted,A84423369C,Feb-1978,Apr-2026,579,Percent,PERCENT,Month,1,
Participation rate ;  Persons ;  > South Australia ;,,,Original,A84423705C,Feb-1978,Apr-2026,579,Percent,PERCENT,Month,1,
Participation rate ;  Persons ;  > Western Australia ;,,,Trend,A84423999W,Feb-1978,Apr-2026,579,Percent,PERCENT,Month,1,
Participation rate ;  Persons ;  > Western Australia ;,,,Seasonally Adjusted,A84423327F,Feb-1978,Apr-2026,579,Percent,PERCENT,Month,1,
Participation rate ;  Persons ;  > Western Australia ;,,,Original,A84423663T,Feb-1978,Apr-2026,579,Percent,PERCENT,Month,1,
Participation rate ;  Persons ;  > Tasmania ;,,,Trend,A84423971V,Feb-1978,Apr-2026,579,Percent,PERCENT,Month,1,
Participation rate ;  Persons ;  > Tasmania ;,,,Seasonally Adjusted,A84423299J,Feb-1978,Apr-2026,579,Percent,PERCENT,Month,1,
Participation rate ;  Persons ;  > Tasmania ;,,,Original,A84423635J,Feb-1978,Apr-2026,579,Percent,PERCENT,Month,1,
Participation rate ;  Persons ;  > Northern Territory ;,,,Trend,A84424013J,Feb-1978,Apr-2026,579,Percent,PERCENT,Month,1,
Participation rate ;  Persons ;  > Northern Territory ;,,,Original,A84423677F,Feb-1978,Apr-2026,579,Percent,PERCENT,Month,1,
Participation rate ;  Persons ;  > Australian Capital Territory ;,,,Trend,A84423985J,Feb-1978,Apr-2026,579,Percent,PERCENT,Month,1,
Participation rate ;  Persons ;  > Australian Capital Territory ;,,,Original,A84423649W,Feb-1978,Apr-2026,579,Percent,PERCENT,Month,1,
Participation rate ;  > Males ;  Australia ;,,,Trend,A84423121X,Feb-1978,Apr-2026,579,Percent,PERCENT,Month,1,
Participation rate ;  > Males ;  Australia ;,,,Seasonally Adjusted,A84423037J,Feb-1978,Apr-2026,579,Percent,PERCENT,Month,1,
Participation rate ;  > Males ;  Australia ;,,,Original,A84423079F,Feb-1978,Apr-2026,579,Percent,PERCENT,Month,1,
Participation rate ;  > Males ;  > New South Wales ;,,,Trend,A84423831T,Feb-1978,Apr-2026,579,Percent,PERCENT,Month,1,
Participation rate ;  > Males ;  > New South Wales ;,,,Seasonally Adjusted,A84423159F,Feb-1978,Apr-2026,579,Percent,PERCENT,Month,1,
Participation rate ;  > Males ;  > New South Wales ;,,,Original,A84423495T,Feb-1978,Apr-2026,579,Percent,PERCENT,Month,1,
Participation rate ;  > Males ;  > Victoria ;,,,Trend,A84423915A,Feb-1978,Apr-2026,579,Percent,PERCENT,Month,1,
Participation rate ;  > Males ;  > Victoria ;,,,Seasonally Adjusted,A84423243W,Feb-1978,Apr-2026,579,Percent,PERCENT,Month,1,
Participation rate ;  > Males ;  > Victoria ;,,,Original,A84423579A,Feb-1978,Apr-2026,579,Percent,PERCENT,Month,1,
Participation rate ;  > Males ;  > Queensland ;,,,Trend,A84423845F,Feb-1978,Apr-2026,579,Percent,PERCENT,Month,1,
Participation rate ;  > Males ;  > Queensland ;,,,Seasonally Adjusted,A84423173A,Feb-1978,Apr-2026,579,Percent,PERCENT,Month,1,
Participation rate ;  > Males ;  > Queensland ;,,,Original,A84423509V,Feb-1978,Apr-2026,579,Percent,PERCENT,Month,1,
Participation rate ;  > Males ;  > South Australia ;,,,Trend,A84423929R,Feb-1978,Apr-2026,579,Percent,PERCENT,Month,1,
Participation rate ;  > Males ;  > South Australia ;,,,Seasonally Adjusted,A84423257K,Feb-1978,Apr-2026,579,Percent,PERCENT,Month,1,
Participation rate ;  > Males ;  > South Australia ;,,,Original,A84423593W,Feb-1978,Apr-2026,579,Percent,PERCENT,Month,1,
Participation rate ;  > Males ;  > Western Australia ;,,,Trend,A84423887C,Feb-1978,Apr-2026,579,Percent,PERCENT,Month,1,
Participation rate ;  > Males ;  > Western Australia ;,,,Seasonally Adjusted,A84423215L,Feb-1978,Apr-2026,579,Percent,PERCENT,Month,1,
Participation rate ;  > Males ;  > Western Australia ;,,,Original,A84423551X,Feb-1978,Apr-2026,579,Percent,PERCENT,Month,1,
Participation rate ;  > Males ;  > Tasmania ;,,,Trend,A84423859V,Feb-1978,Apr-2026,579,Percent,PERCENT,Month,1,
Participation rate ;  > Males ;  > Tasmania ;,,,Seasonally Adjusted,A84423187R,Feb-1978,Apr-2026,579,Percent,PERCENT,Month,1,
Participation rate ;  > Males ;  > Tasmania ;,,,Original,A84423523R,Feb-1978,Apr-2026,579,Percent,PERCENT,Month,1,
Participation rate ;  > Males ;  > Northern Territory ;,,,Trend,A84423901L,Feb-1978,Apr-2026,579,Percent,PERCENT,Month,1,
Participation rate ;  > Males ;  > Northern Territory ;,,,Original,A84423565L,Feb-1978,Apr-2026,579,Percent,PERCENT,Month,1,
Participation rate ;  > Males ;  > Australian Capital Territory ;,,,Trend,A84423873R,Feb-1978,Apr-2026,579,Percent,PERCENT,Month,1,
Participation rate ;  > Males ;  > Australian Capital Territory ;,,,Original,A84423537C,Feb-1978,Apr-2026,579,Percent,PERCENT,Month,1,
Participation rate ;  > Females ;  Australia ;,,,Trend,A84423149A,Feb-1978,Apr-2026,579,Percent,PERCENT,Month,1,
Participation rate ;  > Females ;  Australia ;,,,Seasonally Adjusted,A84423065T,Feb-1978,Apr-2026,579,Percent,PERCENT,Month,1,
Participation rate ;  > Females ;  Australia ;,,,Original,A84423107C,Feb-1978,Apr-2026,579,Percent,PERCENT,Month,1,
Participation rate ;  > Females ;  > New South Wales ;,,,Trend,A84424055F,Feb-1978,Apr-2026,579,Percent,PERCENT,Month,1,
Participation rate ;  > Females ;  > New South Wales ;,,,Seasonally Adjusted,A84423383X,Feb-1978,Apr-2026,579,Percent,PERCENT,Month,1,
Participation rate ;  > Females ;  > New South Wales ;,,,Original,A84423719T,Feb-1978,Apr-2026,579,Percent,PERCENT,Month,1,
Participation rate ;  > Females ;  > Victoria ;,,,Trend,A84424139R,Feb-1978,Apr-2026,579,Percent,PERCENT,Month,1,
Participation rate ;  > Females ;  > Victoria ;,,,Seasonally Adjusted,A84423467J,Feb-1978,Apr-2026,579,Percent,PERCENT,Month,1,
Participation rate ;  > Females ;  > Victoria ;,,,Original,A84423803J,Feb-1978,Apr-2026,579,Percent,PERCENT,Month,1,
Participation rate ;  > Females ;  > Queensland ;,,,Trend,A84424069V,Feb-1978,Apr-2026,579,Percent,PERCENT,Month,1,
Participation rate ;  > Females ;  > Queensland ;,,,Seasonally Adjusted,A84423397L,Feb-1978,Apr-2026,579,Percent,PERCENT,Month,1,
Participation rate ;  > Females ;  > Queensland ;,,,Original,A84423733L,Feb-1978,Apr-2026,579,Percent,PERCENT,Month,1,
Participation rate ;  > Females ;  > South Australia ;,,,Trend,A84424153K,Feb-1978,Apr-2026,579,Percent,PERCENT,Month,1,
Participation rate ;  > Females ;  > South Australia ;,,,Seasonally Adjusted,A84423481C,Feb-1978,Apr-2026,579,Percent,PERCENT,Month,1,
Participation rate ;  > Females ;  > South Australia ;,,,Original,A84423817W,Feb-1978,Apr-2026,579,Percent,PERCENT,Month,1,
Participation rate ;  > Females ;  > Western Australia ;,,,Trend,A84424111L,Feb-1978,Apr-2026,579,Percent,PERCENT,Month,1,
Participation rate ;  > Females ;  > Western Australia ;,,,Seasonally Adjusted,A84423439X,Feb-1978,Apr-2026,579,Percent,PERCENT,Month,1,
Participation rate ;  > Females ;  > Western Australia ;,,,Original,A84423775K,Feb-1978,Apr-2026,579,Percent,PERCENT,Month,1,
Participation rate ;  > Females ;  > Tasmania ;,,,Trend,A84424083R,Feb-1978,Apr-2026,579,Percent,PERCENT,Month,1,
Participation rate ;  > Females ;  > Tasmania ;,,,Seasonally Adjusted,A84423411W,Feb-1978,Apr-2026,579,Percent,PERCENT,Month,1,
Participation rate ;  > Females ;  > Tasmania ;,,,Original,A84423747A,Feb-1978,Apr-2026,579,Percent,PERCENT,Month,1,
Participation rate ;  > Females ;  > Northern Territory ;,,,Trend,A84424125A,Feb-1978,Apr-2026,579,Percent,PERCENT,Month,1,
Participation rate ;  > Females ;  > Northern Territory ;,,,Original,A84423789X,Feb-1978,Apr-2026,579,Percent,PERCENT,Month,1,
Participation rate ;  > Females ;  > Australian Capital Territory ;,,,Trend,A84424097C,Feb-1978,Apr-2026,579,Percent,PERCENT,Month,1,
Participation rate ;  > Females ;  > Australian Capital Territory ;,,,Original,A84423761W,Feb-1978,Apr-2026,579,Percent,PERCENT,Month,1,
Not in the labour force (NILF) ;  Persons ;  Australia ;,,,Original,A84423090V,Feb-1978,Apr-2026,579,000,STOCK,Month,1,
Not in the labour force (NILF) ;  Persons ;  > New South Wales ;,,,Original,A84423604T,Feb-1978,Apr-2026,579,000,STOCK,Month,1,
Not in the labour force (NILF) ;  Persons ;  > Victoria ;,,,Original,A84423688L,Feb-1978,Apr-2026,579,000,STOCK,Month,1,
Not in the labour force (NILF) ;  Persons ;  > Queensland ;,,,Original,A84423618F,Feb-1978,Apr-2026,579,000,STOCK,Month,1,
Not in the labour force (NILF) ;  Persons ;  > South Australia ;,,,Original,A84423702W,Feb-1978,Apr-2026,579,000,STOCK,Month,1,
Not in the labour force (NILF) ;  Persons ;  > Western Australia ;,,,Original,A84423660K,Feb-1978,Apr-2026,579,000,STOCK,Month,1,
Not in the labour force (NILF) ;  Persons ;  > Tasmania ;,,,Original,A84423632A,Feb-1978,Apr-2026,579,000,STOCK,Month,1,
Not in the labour force (NILF) ;  Persons ;  > Northern Territory ;,,,Original,A84423674X,Feb-1978,Apr-2026,579,000,STOCK,Month,1,
Not in the labour force (NILF) ;  Persons ;  > Australian Capital Territory ;,,,Original,A84423646R,Feb-1978,Apr-2026,579,000,STOCK,Month,1,
Not in the labour force (NILF) ;  > Males ;  Australia ;,,,Original,A84423076X,Feb-1978,Apr-2026,579,000,STOCK,Month,1,
Not in the labour force (NILF) ;  > Males ;  > New South Wales ;,,,Original,A84423492K,Feb-1978,Apr-2026,579,000,STOCK,Month,1,
Not in the labour force (NILF) ;  > Males ;  > Victoria ;,,,Original,A84423576V,Feb-1978,Apr-2026,579,000,STOCK,Month,1,
Not in the labour force (NILF) ;  > Males ;  > Queensland ;,,,Original,A84423506L,Feb-1978,Apr-2026,579,000,STOCK,Month,1,
Not in the labour force (NILF) ;  > Males ;  > South Australia ;,,,Original,A84423590R,Feb-1978,Apr-2026,579,000,STOCK,Month,1,
Not in the labour force (NILF) ;  > Males ;  > Western Australia ;,,,Original,A84423548K,Feb-1978,Apr-2026,579,000,STOCK,Month,1,
Not in the labour force (NILF) ;  > Males ;  > Tasmania ;,,,Original,A84423520J,Feb-1978,Apr-2026,579,000,STOCK,Month,1,
Not in the labour force (NILF) ;  > Males ;  > Northern Territory ;,,,Original,A84423562F,Feb-1978,Apr-2026,579,000,STOCK,Month,1,
Not in the labour force (NILF) ;  > Males ;  > Australian Capital Territory ;,,,Original,A84423534W,Feb-1978,Apr-2026,579,000,STOCK,Month,1,
Not in the labour force (NILF) ;  > Females ;  Australia ;,,,Original,A84423104W,Feb-1978,Apr-2026,579,000,STOCK,Month,1,
Not in the labour force (NILF) ;  > Females ;  > New South Wales ;,,,Original,A84423716K,Feb-1978,Apr-2026,579,000,STOCK,Month,1,
Not in the labour force (NILF) ;  > Females ;  > Victoria ;,,,Original,A84423800A,Feb-1978,Apr-2026,579,000,STOCK,Month,1,
Not in the labour force (NILF) ;  > Females ;  > Queensland ;,,,Original,A84423730F,Feb-1978,Apr-2026,579,000,STOCK,Month,1,
Not in the labour force (NILF) ;  > Females ;  > South Australia ;,,,Original,A84423814R,Feb-1978,Apr-2026,579,000,STOCK,Month,1,
Not in the labour force (NILF) ;  > Females ;  > Western Australia ;,,,Original,A84423772C,Feb-1978,Apr-2026,579,000,STOCK,Month,1,
Not in the labour force (NILF) ;  > Females ;  > Tasmania ;,,,Original,A84423744V,Feb-1978,Apr-2026,579,000,STOCK,Month,1,
Not in the labour force (NILF) ;  > Females ;  > Northern Territory ;,,,Original,A84423786T,Feb-1978,Apr-2026,579,000,STOCK,Month,1,
Not in the labour force (NILF) ;  > Females ;  > Australian Capital Territory ;,,,Original,A84423758J,Feb-1978,Apr-2026,579,000,STOCK,Month,1,
Civilian population aged 15 years and over ;  Persons ;  Australia ;,,,Original,A84423091W,Feb-1978,Apr-2026,579,000,STOCK,Month,1,
Civilian population aged 15 years and over ;  Persons ;  > New South Wales ;,,,Original,A84423605V,Feb-1978,Apr-2026,579,000,STOCK,Month,1,
Civilian population aged 15 years and over ;  Persons ;  > Victoria ;,,,Original,A84423689R,Feb-1978,Apr-2026,579,000,STOCK,Month,1,
Civilian population aged 15 years and over ;  Persons ;  > Queensland ;,,,Original,A84423619J,Feb-1978,Apr-2026,579,000,STOCK,Month,1,
Civilian population aged 15 years and over ;  Persons ;  > South Australia ;,,,Original,A84423703X,Feb-1978,Apr-2026,579,000,STOCK,Month,1,
Civilian population aged 15 years and over ;  Persons ;  > Western Australia ;,,,Original,A84423661L,Feb-1978,Apr-2026,579,000,STOCK,Month,1,
Civilian population aged 15 years and over ;  Persons ;  > Tasmania ;,,,Original,A84423633C,Feb-1978,Apr-2026,579,000,STOCK,Month,1,
Civilian population aged 15 years and over ;  Persons ;  > Northern Territory ;,,,Original,A84423675A,Feb-1978,Apr-2026,579,000,STOCK,Month,1,
Civilian population aged 15 years and over ;  Persons ;  > Australian Capital Territory ;,,,Original,A84423647T,Feb-1978,Apr-2026,579,000,STOCK,Month,1,
Civilian population aged 15 years and over ;  > Males ;  Australia ;,,,Original,A84423077A,Feb-1978,Apr-2026,579,000,STOCK,Month,1,
Civilian population aged 15 years and over ;  > Males ;  > New South Wales ;,,,Original,A84423493L,Feb-1978,Apr-2026,579,000,STOCK,Month,1,
Civilian population aged 15 years and over ;  > Males ;  > Victoria ;,,,Original,A84423577W,Feb-1978,Apr-2026,579,000,STOCK,Month,1,
Civilian population aged 15 years and over ;  > Males ;  > Queensland ;,,,Original,A84423507R,Feb-1978,Apr-2026,579,000,STOCK,Month,1,
Civilian population aged 15 years and over ;  > Males ;  > South Australia ;,,,Original,A84423591T,Feb-1978,Apr-2026,579,000,STOCK,Month,1,
Civilian population aged 15 years and over ;  > Males ;  > Western Australia ;,,,Original,A84423549L,Feb-1978,Apr-2026,579,000,STOCK,Month,1,
Civilian population aged 15 years and over ;  > Males ;  > Tasmania ;,,,Original,A84423521K,Feb-1978,Apr-2026,579,000,STOCK,Month,1,
Civilian population aged 15 years and over ;  > Males ;  > Northern Territory ;,,,Original,A84423563J,Feb-1978,Apr-2026,579,000,STOCK,Month,1,
Civilian population aged 15 years and over ;  > Males ;  > Australian Capital Territory ;,,,Original,A84423535X,Feb-1978,Apr-2026,579,000,STOCK,Month,1,
Civilian population aged 15 years and over ;  > Females ;  Australia ;,,,Original,A84423105X,Feb-1978,Apr-2026,579,000,STOCK,Month,1,
Civilian population aged 15 years and over ;  > Females ;  > New South Wales ;,,,Original,A84423717L,Feb-1978,Apr-2026,579,000,STOCK,Month,1,
Civilian population aged 15 years and over ;  > Females ;  > Victoria ;,,,Original,A84423801C,Feb-1978,Apr-2026,579,000,STOCK,Month,1,
Civilian population aged 15 years and over ;  > Females ;  > Queensland ;,,,Original,A84423731J,Feb-1978,Apr-2026,579,000,STOCK,Month,1,
Civilian population aged 15 years and over ;  > Females ;  > South Australia ;,,,Original,A84423815T,Feb-1978,Apr-2026,579,000,STOCK,Month,1,
Civilian population aged 15 years and over ;  > Females ;  > Western Australia ;,,,Original,A84423773F,Feb-1978,Apr-2026,579,000,STOCK,Month,1,
Civilian population aged 15 years and over ;  > Females ;  > Tasmania ;,,,Original,A84423745W,Feb-1978,Apr-2026,579,000,STOCK,Month,1,
Civilian population aged 15 years and over ;  > Females ;  > Northern Territory ;,,,Original,A84423787V,Feb-1978,Apr-2026,579,000,STOCK,Month,1,
Civilian population aged 15 years and over ;  > Females ;  > Australian Capital Territory ;,,,Original,A84423759K,Feb-1978,Apr-2026,579,000,STOCK,Month,1,
,,,,,,,,,,,,
© Commonwealth of Australia  2026,,,,,,,,,,,,
